Actual,Predicted
70.9632,65.14646
86.89065,85.69356
92.9082,90.099045
85.85115,95.401306
89.63956,87.44607
87.7569,90.1193
80.39955,85.97914
66.28545,74.07466
45.7611,56.445232
1.5708,25.567944
8.962801,18.825298
17.89095,36.107628
12.936001,30.482382
54.38895,23.044697
95.6109,57.29388
98.85645,91.96928
99.3531,94.35991
96.2115,93.49628
89.36235,88.47023
75.77956,77.23166
48.902702,50.973198
1.5476999,9.121081
14.7378,18.443445
40.29795,42.857525
70.016106,64.44294
77.32725,80.578674
91.937996,84.64708
98.90265,95.272156
98.02486,98.06162
94.8486,94.88902
88.253555,88.31064
72.7881,76.254036
44.710052,49.352524
1.5245999,6.610509
18.0873,18.009392
49.23765,49.573017
71.921844,72.7395
75.4215,80.13254
73.689,80.68023
89.47785,78.301384
87.745346,91.04965
78.55155,86.416115
80.19165,73.588066
63.8022,70.03639
43.00065,42.341442
1.5015,4.6346054
17.33655,17.853086
40.170902,52.802105
60.60285,59.40262
69.12675,68.9369
81.53145,73.95449
84.64995,84.35986
82.91745,85.39092
71.067154,81.75101
76.7382,67.582794
66.585754,68.13287
44.2596,44.700153
1.48995,4.94294
19.889101,17.59412
53.9616,54.080837
71.61,75.173965
81.727806,78.46997
86.625,85.92064
86.54415,88.7183
89.47785,86.51351
90.42495,88.59221
84.3612,84.49055
72.996,71.97102
44.906403,49.26528
1.46685,5.5505147
10.810801,17.251087
28.909649,34.959377
69.611855,49.06812
79.267654,81.30886
85.1928,84.21765
86.7174,87.329834
82.6056,86.44646
87.60675,80.43081
78.9327,82.37973
70.6167,68.28642
39.76665,48.87476
2.8875,5.2032857
19.1961,19.724686
53.499603,42.96555
71.482956,75.82146
83.2755,78.353165
86.93685,87.35047
87.0177,87.0596
78.6555,86.27127
73.8738,75.94635
65.68485,69.982346
57.34575,59.182972
39.8706,38.833927
1.42065,3.768087
15.072749,18.105381
48.775654,47.060482
66.49335,72.36123
74.32426,74.91697
74.0124,78.62946
60.683704,77.1614
58.7664,64.175125
60.06,60.236286
56.26005,58.59587
38.657852,53.452045
28.14735,26.025835
2.8066502,4.2588153
24.35895,14.630203
66.0429,54.249454
85.042656,83.62059
94.571396,89.08557
100.346405,96.80423
101.6862,97.818306
101.35125,98.50867
97.10085,97.02817
88.727104,90.020256
71.61,76.01711
48.4176,46.496433
2.7604501,6.558324
12.6357,16.705444
42.23835,39.312912
76.5996,67.33909
89.80125,86.22772
90.1362,94.331604
94.1325,93.35367
97.65525,94.63367
93.9477,95.75973
78.690155,87.833206
68.456856,68.29019
45.10275,46.931526
2.7258,5.471888
17.740799,17.758217
54.666153,52.34363
79.3485,77.70539
87.99945,86.30575
90.0207,92.07572
96.234604,92.47566
99.59565,96.22703
96.3732,97.08723
89.1891,89.682396
76.79595,76.738304
50.57745,52.931255
4.03095,6.889426
13.548149,17.711962
50.612103,42.96966
77.74305,75.14667
87.7569,86.3007
87.8031,92.63345
99.45705,91.97508
99.80355,99.440506
98.30205,97.2578
91.1526,91.95157
79.61415,79.044235
54.850952,56.61095
5.30145,8.441593
10.17555,18.43366
39.789753,33.254707
77.500496,65.064514
94.65225,88.541405
97.2972,98.33182
98.5677,99.60227
102.1482,98.37256
96.9045,99.2801
88.8657,91.248566
74.83245,78.29541
48.9258,52.759468
3.9269998,7.0553102
6.8029504,17.850315
28.93275,25.285082
60.78765,54.89792
84.28036,73.9431
91.4529,90.65228
99.653404,94.66547
98.891106,98.62587
98.02486,96.229385
91.18725,91.84093
79.7874,79.55893
56.28315,57.70685
6.45645,9.566702
10.2102,18.9554
40.59825,33.071728
75.8373,64.9839
87.664505,87.668594
82.0281,93.64871
95.6571,87.448586
97.79385,97.782326
98.0364,96.43618
91.21035,92.38524
78.7941,80.01506
56.7336,56.98277
5.0935497,9.867664
18.74565,18.718771
58.66245,57.680325
81.034805,79.91385
91.90335,88.381096
95.4954,96.19064
101.917206,98.7909
102.968254,101.03587
98.99505,99.59209
90.65595,92.83951
79.4178,78.93058
56.14455,56.23556
5.0358,9.015955
16.204649,18.349766
39.1083,52.837296
58.165802,62.51713
70.096954,68.75454
87.8724,78.79275
73.689,93.53228
95.737946,75.385414
79.82205,95.01433
68.61855,74.182594
77.6622,62.15695
52.5063,57.45899
4.9780498,7.5521355
14.5068,18.787409
47.7477,45.012184
84.534454,70.23821
85.41225,92.60214
49.595703,89.85835
34.811703,61.466362
70.9863,51.09065
62.173653,71.17374
61.0302,58.92286
65.68485,55.87762
35.33145,47.77947
4.9202995,6.034917
14.5068,17.850155
44.710052,34.515507
60.53355,65.0878
90.6444,67.634056
92.6079,93.21563
97.35495,90.430954
93.83221,95.88477
83.98005,91.1058
57.4266,77.91337
49.90755,53.52301
39.489452,37.421944
6.0753,6.081286
12.7974,19.733692
39.42015,39.91399
62.49705,58.583633
54.054005,73.84864
55.035755,61.67501
63.178497,62.120415
77.523605,66.28599
64.09095,76.579475
54.215702,62.750477
58.985847,54.10173
35.631752,44.22106
4.8048,5.2537193
12.7974,16.931196
54.0078,36.796505
78.297455,76.886
73.26165,86.50473
94.1556,76.95692
92.041954,94.81811
79.4178,91.18435
67.8909,75.888504
70.69755,64.71129
38.5077,64.368614
38.2305,27.153019
2.3793,11.322926
14.495249,17.841307
31.092602,47.15368
40.3326,44.338917
56.086803,52.944412
80.65365,62.301342
73.816055,83.68434
53.684402,73.8096
52.7835,57.718475
47.124,54.918167
31.61235,45.218067
16.50495,17.528893
2.34465,6.231138
4.2619495,15.374262
7.4844003,11.982736
30.0762,11.672245
44.13255,37.905346
77.385,44.151806
62.173653,76.516426
51.43215,56.596443
50.62365,48.102962
39.0159,44.103374
43.451103,28.443985
40.39035,26.365305
3.4880998,12.279251
17.86785,7.0600934
53.765247,47.550686
61.850254,69.9214
85.85115,70.86492
84.99645,91.96201
90.390305,86.07253
93.65895,88.29825
96.93915,87.189766
88.542305,85.561844
78.297455,73.04412
55.243652,58.524155
8.05035,14.927541
14.4375,19.953854
48.0711,43.865383
60.60285,69.60189
70.2702,71.07115
86.9946,78.493225
95.2413,91.98394
100.61205,96.45651
96.91605,97.83777
87.087006,90.889305
71.29816,76.69914
53.788353,50.748287
5.6826,11.351738
13.57125,19.238277
42.758102,45.091225
61.134148,65.558784
84.615295,71.05645
66.7359,90.857895
86.497955,72.30249
87.42195,89.83238
81.4506,87.1537
61.64235,77.43414
50.04615,57.99554
46.280853,36.855034
7.8771005,8.76569
17.775448,19.30587
61.94265,51.78961
61.446003,81.00553
45.784203,70.35528
78.25125,60.144035
87.768456,83.39689
89.92831,90.090935
87.21405,89.03655
89.997604,81.971306
80.79225,78.794754
58.3737,57.64225
8.9166,10.670375
16.04295,19.467344
55.4862,47.856655
68.67631,76.5135
71.8179,77.44991
79.93755,78.703285
92.0304,85.95031
93.38175,95.36655
87.063896,93.036194
78.45915,82.816086
66.93225,69.77045
43.62435,46.4326
7.72695,6.12709
14.321999,19.335388
50.900852,40.333706
76.541855,74.527016
59.9445,85.69604
63.906147,66.44538
73.8276,70.08019
63.4326,75.9111
43.76295,65.24343
47.78235,52.367302
57.4266,50.85172
32.316902,43.084324
4.3659,6.319304
13.43265,16.311563
38.242054,33.39914
50.97015,56.972595
53.545803,55.76667
75.75645,58.388348
73.07685,77.80722
89.93985,72.529686
73.03065,88.58024
60.833855,66.97916
60.325653,55.622974
48.29055,42.198677
5.4054003,6.729563
1.67475,19.05589
17.960249,27.026983
20.420399,30.0993
12.7974,27.954613
9.96765,18.532076
6.3525,12.507297
5.5901995,7.830293
8.18895,7.1712093
1.42065,8.651669
5.87895,3.98968
9.4017,6.7704782
3.33795,7.8717637
31.77405,13.669261
29.6604,54.363285
48.38295,30.24548
42.504,53.328724
19.41555,40.809704
20.40885,22.215237
16.4703,29.785538
11.896501,17.197495
11.4576,8.870287
2.2176,7.4687443
12.474,8.4641695
24.024,30.394974
63.76755,34.446293
74.55525,73.277626
43.243202,77.49253
73.26165,44.90705
71.3559,71.11975
40.066948,63.432518
62.05815,34.40301
53.834553,51.147663
25.97595,33.984848
6.3178496,6.635982
14.091,18.33858
44.236504,30.251816
54.781654,61.072926
74.0124,58.127586
78.22816,77.6125
87.53745,76.882645
85.20435,85.1979
82.52475,78.39331
72.3954,73.29455
60.81075,61.433155
45.86505,41.897194
6.2601,8.251592
17.33655,18.681707
51.9981,48.495434
64.69155,72.08606
82.96365,73.82684
91.2912,88.84511
92.75805,93.53126
93.4395,92.601234
96.50025,91.55513
90.8985,90.60344
80.9424,78.67194
59.3901,59.251343
11.37675,12.385617
8.2236,19.981047
45.6687,29.179241
72.12975,69.07798
70.25865,83.97485
89.61645,77.76509
93.1623,95.25694
94.5021,95.44622
93.1161,94.17332
89.859,89.10384
79.36005,80.365204
58.5123,60.522526
11.28435,14.701674
8.18895,19.41331
27.56985,26.34205
35.943604,57.06853
65.5809,49.612133
81.83176,77.69217
87.97635,88.53418
85.781845,90.590385
86.971504,85.26171
90.5751,83.16969
83.51805,79.811615
61.08795,62.005455
13.2363,12.5917635
10.59135,20.570658
23.885399,31.919159
41.6955,59.18099
67.69455,56.46711
96.03825,81.61587
100.84305,100.839935
101.9634,100.14374
100.8084,98.92483
95.1027,94.74062
84.338104,83.956024
63.201603,63.75756
14.1372,15.151836
12.1737,21.463852
50.034603,35.277287
64.69155,71.97931
86.2554,77.440994
97.031555,94.964554
99.768906,101.21387
102.333,100.51399
98.174995,100.056526
93.03525,93.91307
84.67305,84.172195
63.6174,66.294945
14.03325,14.463692
12.9129,20.591269
38.84265,34.658283
56.05215,63.07669
78.43605,69.56377
90.552,89.54184
87.88395,97.35163
87.549,91.12197
95.11425,88.796295
91.3374,91.427246
82.66335,80.48997
61.0995,61.526917
13.929298,12.262914
4.0194,21.00499
25.999048,29.564835
68.5146,59.460987
94.53675,87.07185
101.65155,100.05165
102.99135,102.62944
103.5804,101.40967
101.7324,100.48491
95.48385,96.31716
84.88095,85.80431
64.449,66.74992
14.8302,16.213295
8.778,20.292784
25.8489,28.270914
45.148952,64.21282
77.107796,60.091614
84.546,91.44683
86.84445,92.940994
69.993,90.78479
50.13855,69.89057
40.7253,55.586235
64.96875,46.63136
59.90985,50.891594
14.72625,18.74006
3.1762502,20.034264
27.096302,24.127876
72.037346,48.336166
96.6735,87.52993
102.4254,99.68877
105.00105,101.438675
104.67765,100.88003
102.679504,99.98037
96.86985,96.737015
86.03595,88.01866
65.3037,72.66172
14.633849,38.38476
17.613749,16.623892
63.25935,48.073315
86.9484,82.81131
99.19141,94.77866
104.6892,101.577324
104.8971,103.931335
102.367645,102.56524
96.89295,99.80747
86.382454,92.65899
66.1353,77.07376
16.4703,45.190205
7.05705,17.937801
33.3102,27.619865
74.83245,50.64116
93.26625,87.96927
98.74095,95.824394
103.0722,99.25027
104.4582,100.67473
101.48985,100.81616
93.3471,96.124596
85.1235,84.485115
64.1256,69.91605
15.407699,22.512266
11.688601,19.917082
46.431,29.37845
84.83475,71.724495
98.41755,94.37479
103.54575,99.90611
105.232056,103.63171
104.8047,102.83523
102.46005,101.24731
96.93915,96.551315
86.40555,85.60098
65.7888,64.74499
16.273949,15.762728
13.155451,21.92354
28.158903,35.144615
33.5412,65.239265
69.86595,51.583965
92.1921,87.51829
100.531204,99.50803
102.80655,100.73841
101.16645,99.49351
94.76775,94.887054
85.1697,83.27998
64.62225,63.901493
16.18155,16.110846
13.8369,22.90602
32.37465,37.646225
69.49635,63.53393
79.845146,86.328606
98.2212,90.841354
102.03271,102.24751
102.89895,101.81129
101.1549,100.261
95.8188,95.8751
85.5393,85.89866
65.08425,66.10908
16.08915,15.747591
19.854448,21.602365
51.27045,53.314274
74.185646,71.9185
69.8544,85.9555
85.45845,79.94574
91.9842,94.052666
96.91605,96.198364
95.7957,96.92591
88.4961,91.79538
82.06275,79.15916
65.534706,61.889908
15.99675,16.409483
19.71585,21.514511
51.94035,54.294525
76.9692,72.383095
83.87611,87.6518
92.5617,91.25429
95.04495,98.30646
95.2182,97.62887
96.08445,95.39053
93.0699,92.16201
85.6086,82.60838
66.400955,64.41531
16.85145,16.39629
18.8265,21.824108
37.052402,50.800518
69.4155,62.546913
82.467,84.38913
102.205956,92.36115
105.104996,103.874535
105.24361,102.9032
102.94515,101.32245
97.44735,96.606544
86.90221,86.10873
65.68485,66.226715
16.7706,16.237421
26.172298,22.537758
69.6696,61.516457
88.18425,85.748276
97.609055,94.094894
102.15975,101.11568
104.16945,103.413414
103.938446,102.84694
101.2704,101.090385
95.34525,96.17664
84.14175,84.80573
63.421055,62.363873
13.906199,13.939363
22.2684,21.210032
54.192604,60.03105
84.534454,74.78087
97.26255,93.84365
102.795006,100.65045
105.0126,103.48183
104.8047,103.042076
102.11355,101.20353
96.234604,96.13956
85.885796,84.91857
65.0727,64.06779
17.5329,14.966407
32.4324,22.474373
72.0027,64.75137
88.831055,86.33456
97.70145,93.94213
102.6102,101.18254
104.8509,103.42261
104.7816,103.025665
102.5409,101.48577
97.28565,96.67956
86.9484,85.2622
66.7359,63.90503
17.45205,16.355495
26.334,22.906454
57.0339,62.41303
83.9916,76.37877
95.02185,92.63623
102.8412,99.88893
105.312904,103.666405
105.393745,103.29606
103.79985,101.66527
99.4917,97.3944
90.0207,87.57505
69.14986,68.37882
18.28365,18.417086
18.88425,22.818764
52.49475,50.52285
87.44505,73.946205
97.63215,95.85641
102.9336,101.12021
105.1512,103.88601
105.6363,103.55358
103.8114,101.92401
98.41755,97.760376
87.97635,87.90735
67.32495,67.610596
18.2028,16.736885
4.3312497,22.175749
12.0813,32.983734
53.55735,51.120686
90.1824,79.46911
95.6802,100.49958
99.22605,100.06266
100.3002,99.77988
98.32515,98.690414
93.416405,93.75157
84.85786,83.71745
64.76085,65.210144
17.221048,15.904945
18.60705,21.537638
48.3252,46.7771
82.882805,68.98483
98.04795,93.17621
102.99135,101.6426
105.4746,103.651794
106.1214,103.467964
104.1348,102.03709
98.74095,97.87126
88.1496,88.11865
66.8052,68.31874
18.052649,16.261864
29.129099,21.936253
57.103203,64.4099
71.39055,76.00785
82.6518,82.38027
83.95695,92.64161
90.72525,92.047874
92.631,95.45992
87.849304,93.943436
85.319855,84.86344
76.4841,75.84456
56.28315,54.978764
13.4904,10.919692
28.909649,21.927433
63.58275,59.78303
80.37646,80.24967
92.0073,88.24114
98.94885,97.08099
101.9403,100.717476
101.9634,101.067764
99.6765,99.468155
94.21335,94.15544
83.95695,82.142975
63.67515,61.275192
17.0247,14.322094
30.792301,22.912111
73.05375,62.757275
89.2815,86.758484
97.79385,94.12405
103.2801,101.09091
105.7749,103.518074
105.48615,103.22283
102.8643,101.61872
97.56285,96.72047
86.8098,85.54274
66.10065,63.976044
18.7572,15.741886
23.6082,23.358538
52.86435,58.40219
82.98675,73.13842
94.25955,92.76683
100.485,99.602005
103.52265,102.737755
102.99135,102.7098
100.8777,100.54463
95.576256,95.84029
85.29675,85.18668
64.76085,63.999886
17.8101,15.355518
26.876852,22.838545
62.878204,61.859535
83.7837,80.94228
92.41155,91.80204
99.5379,98.13516
102.02115,102.304115
102.1251,101.84834
99.6996,100.13146
93.91305,94.98306
83.35635,83.35811
63.07455,61.341755
16.863,14.036384
16.401,22.7166
38.79645,41.569885
74.64765,62.96117
93.75135,89.313126
99.9075,99.76123
102.76035,102.24553
101.1549,102.15726
99.4917,99.241455
95.172005,94.88887
84.69615,85.032814
64.02165,63.98216
17.70615,14.827337
19.66965,22.546242
31.9011,49.82661
63.0861,63.971394
89.6742,80.49982
99.3531,98.83603
102.6333,102.38405
103.7883,101.857086
101.998055,100.73456
96.75435,96.08315
86.474846,85.57608
65.707954,66.087654
18.53775,16.996958
19.507948,23.466349
49.006653,47.891537
63.95235,69.42024
80.0646,78.287125
92.82735,91.4312
96.61575,99.30571
100.95855,99.034546
96.80055,99.59344
93.52035,92.942924
82.6287,84.1745
62.19675,63.17137
9.678901,14.566899
34.03785,20.007114
62.312252,67.24417
58.674004,78.95474
83.37945,69.9575
74.659195,92.84236
85.98975,80.91767
87.99945,90.84561
93.38175,88.70976
94.95255,88.0875
83.760605,80.020164
63.525,59.13736
17.567549,13.681328
10.59135,23.121174
36.8214,33.047943
50.7738,61.79942
75.352196,66.62851
87.39885,87.97856
87.0177,95.49614
83.87611,91.193214
90.9216,85.48103
85.1928,88.92282
79.3023,76.96368
50.034603,61.722534
7.0108504,11.618892
16.41255,18.794233
33.34485,48.180264
70.12005,55.40665
67.67145,82.41717
52.81815,73.61757
59.17065,62.58513
79.5102,64.889175
78.94425,78.47962
77.8701,73.0197
38.5077,67.5842
10.360351,22.094889
2.62185,15.866398
26.71515,8.363875
58.385254,44.604645
71.32125,72.08123
84.164856,73.44757
91.94955,85.87652
94.99876,91.25819
98.186554,93.45627
97.43581,92.865265
92.07661,88.08355
80.53815,77.78042
60.16395,56.97102
8.72025,13.287795
32.9637,19.572718
62.88975,63.760548
73.26165,78.95178
88.3113,80.42349
94.409706,95.06047
97.8285,97.95799
97.26255,98.08734
96.338554,95.372444
89.235306,90.280075
77.408104,76.611786
57.830853,53.754128
15.673349,11.466711
17.960249,23.122385
36.671253,44.066093
71.25195,60.068474
85.82805,85.92405
97.112404,94.6018
100.7622,100.40024
94.3866,100.715256
89.096695,93.60865
80.67675,86.27457
73.215454,72.82134
52.9452,55.44652
16.5165,11.3643675
19.7274,22.284163
35.28525,45.0466
68.71095,56.95423
89.0736,83.26478
96.742805,97.15489
100.0692,98.750534
100.947,99.91962
97.49355,98.99611
85.48155,93.12202
78.0318,76.27986
59.817448,59.55086
15.615599,13.930443
29.048252,22.428293
58.500755,60.89442
64.703094,75.92825
73.60815,76.08987
86.17455,84.44876
88.66935,93.61443
77.5698,92.34752
73.2501,77.854836
58.119602,71.5447
49.95375,56.374477
38.8311,38.984303
10.3949995,8.529504
28.193552,20.326302
56.4333,55.89426
72.3954,74.39273
84.88095,80.84381
86.2323,90.283295
88.73865,87.614456
78.41295,89.35184
84.315,74.987
70.69755,79.79331
61.191902,61.1217
39.85905,39.788025
12.97065,5.02155
16.7937,24.872807
16.18155,38.57838
75.04035,30.249537
78.38985,83.36758
82.47855,83.6759
80.16855,81.67425
75.9759,76.650444
59.089798,71.26098
31.277403,57.277916
24.2781,29.278631
22.2684,13.1140375
1.7209501,10.438807
27.777752,24.029396
40.459652,56.0875
40.217102,48.476776
77.8701,50.41089
74.947945,82.897964
19.288498,74.615105
29.78745,38.06115
23.6082,39.330692
35.9667,25.717237
42.74655,27.179377
19.32315,22.904972
10.33725,4.80617
6.7452,17.632847
30.018452,25.624857
60.729897,51.25967
16.45875,71.17771
34.2342,27.39213
38.265152,45.857796
76.1145,42.25788
64.1025,69.419395
60.34875,56.46913
49.69965,52.34619
31.670101,34.717903
9.459451,7.758944
17.6484,6.423039
44.34045,40.931286
41.9034,60.388912
51.9519,47.44713
53.44185,64.2196
48.5793,63.768
38.184303,55.986946
43.659,46.113205
34.93875,45.869637
53.684402,30.05119
37.43355,35.423573
9.4479,9.599589
26.5881,5.6256657
53.3148,38.029247
59.8983,70.032745
79.66035,70.36165
89.80125,85.51276
89.3739,90.91931
90.783,86.44912
84.0378,85.11453
70.13161,73.65266
58.0734,58.563324
45.37995,39.589516
10.29105,12.040622
34.80015,21.368162
61.0995,58.804104
61.8387,76.191246
79.72965,72.092705
89.119804,86.914894
95.41455,92.269104
89.812805,95.6335
83.2755,86.64911
72.89205,76.72666
64.16025,62.389584
51.84795,42.39173
12.00045,12.95152
14.2989,22.639563
33.3102,39.84294
56.7336,55.85664
76.79595,69.5026
70.5243,86.4862
85.4007,77.11928
74.844,89.09427
49.1799,74.02325
57.438152,54.695206
48.24435,56.283333
42.735,36.746227
10.26795,12.460027
25.4331,17.926897
45.934353,54.0692
69.26535,58.77757
82.859695,78.93399
78.25125,89.09841
83.1369,80.96622
79.464005,83.89646
77.05005,76.68865
79.3485,72.33635
53.69595,69.23205
48.486904,32.94789
12.8205,10.615864
24.659248,21.21419
57.32265,54.940006
61.677,74.81025
83.2062,72.86851
84.5922,90.83945
83.8299,89.06082
80.5728,85.313225
71.32125,79.302475
55.474655,67.98841
53.88075,54.681847
41.938053,42.878
9.4017,10.013898
25.07505,20.990728
47.48205,54.518074
60.9147,62.561897
71.944954,71.293724
38.473053,78.66618
44.0979,52.61799
57.8655,54.73085
68.4915,58.643913
66.5511,62.215706
56.791348,57.055397
38.28825,36.838303
10.24485,5.1780376
1.5708,17.898289
33.391052,20.492165
60.314102,55.07283
80.388,76.21944
90.263245,86.50363
95.0796,90.45982
90.794556,94.073204
93.127655,88.598015
68.82645,89.301865
59.77125,62.722107
60.984005,54.15538
47.6553,41.76308
13.64055,7.29985
1.53615,6.540919
26.69205,23.89039
57.6114,47.34949
78.6786,71.31918
87.51435,85.14221
89.5818,90.22525
90.09,89.56261
69.507904,88.460754
78.4938,66.45856
80.0646,73.39874
77.616,68.75071
48.33675,53.84521
14.4837,9.844258
1.51305,6.2687435
33.04455,26.566381
41.4645,54.35285
57.264904,51.91298
77.0385,70.93132
83.10225,82.86984
74.8902,85.81369
93.786,75.66703
87.6183,90.27764
68.930405,79.9605
70.83615,62.058613
51.5592,53.131996
15.326849,12.605958
1.4784,5.440106
31.508402,27.235191
48.706352,52.58543
62.508602,61.09744
83.159996,73.97458
92.2383,88.99498
97.505104,94.349106
98.013306,96.25005
94.8948,93.7445
89.03895,87.65889
74.60145,77.58468
49.3647,54.19738
15.315299,11.760852
1.4553,6.06843
37.64145,27.723999
68.422195,58.889996
84.1764,79.01008
92.631,91.68282
96.6504,95.117645
98.55615,96.98608
98.27895,97.208115
95.1027,94.53426
85.885796,88.38791
74.3589,75.111664
54.38895,54.37098
14.460599,13.746643
1.4322,5.2311044
37.71075,29.808
47.147102,59.666527
63.14385,60.23388
67.4289,76.60071
64.945656,78.67532
69.2307,74.38178
66.03135,75.26352
49.74585,69.559074
72.26835,56.319916
62.751152,67.098976
39.963,46.375732
12.7512,9.154578
1.4090999,6.024104
23.94315,21.245895
40.5636,42.36364
58.246655,52.95214
63.1092,69.98351
78.50535,70.8201
82.3977,79.88571
60.360302,81.26441
54.82785,61.210552
65.534706,56.022446
64.841705,59.566113
48.5793,47.274815
11.0418005,11.532476
1.386,5.259537
26.807552,24.192642
36.5673,47.311893
41.4183,48.90529
59.6442,50.91147
69.912155,71.71917
77.28105,74.21275
81.57765,77.40248
72.45315,77.66068
76.58805,66.99905
46.0845,67.63811
44.236504,28.605135
12.739651,13.099715
1.3628999,5.2706738
28.05495,23.240568
45.6687,47.596382
56.1561,58.611
76.726654,68.6395
81.1041,81.47268
83.51805,82.585266
85.45845,82.81553
66.14685,81.59718
54.2619,62.395973
67.11705,53.74403
44.583,50.868374
11.030251,10.965058
1.3398,5.844794
18.99975,23.775755
51.17805,35.81551
80.8038,65.93208
91.39515,85.888794
93.993904,92.54982
95.48385,92.33813
93.52035,92.39242
76.95765,88.46511
74.67075,69.54823
69.2076,66.38773
44.91795,49.856483
13.57125,9.443417
1.3167,6.234127
20.31645,24.842436
54.9087,39.25246
73.700554,69.020935
78.64395,80.266174
94.60605,82.206314
97.3896,94.86522
94.8948,95.24332
91.4298,90.61308
86.497955,84.57346
79.49865,75.299194
59.263054,57.83978
16.100698,15.313108
2.5987499,4.8987
32.663403,30.62302
53.915398,54.382355
71.27505,68.38667
86.9253,81.102234
93.2778,93.38295
95.89965,95.75008
96.98535,95.588104
93.75135,93.53107
90.3672,87.050285
78.6324,78.57268
58.87035,57.404545
16.932299,15.74206
2.5641,5.0085096
33.829952,30.785295
57.368855,55.583145
71.59845,72.060715
88.011,81.79809
94.14405,94.47343
97.47045,96.71453
97.05465,96.94867
94.1094,93.92043
89.57025,87.97588
78.82875,78.559944
58.47765,58.0811
15.2229,15.512801
2.52945,5.1930084
31.023302,31.225418
57.6114,53.488037
70.39725,72.61921
81.9588,81.2759
83.31015,90.07994
89.82435,88.112656
85.5855,91.96967
82.33995,84.781296
82.08585,78.653915
76.2993,72.78
57.02235,55.61653
15.2113495,14.447722
2.4948,4.8732805
38.51925,30.744177
69.08055,60.032703
80.2494,79.63677
87.052345,87.84496
94.5483,92.529274
97.79385,96.452065
98.5215,96.81395
96.153755,94.48662
90.4827,88.76928
80.0646,78.03721
59.86365,58.49003
16.886099,15.9784355
2.46015,5.039849
27.038551,31.127169
59.30925,50.681355
77.685295,74.31651
86.2323,86.516304
96.77745,92.87845
99.480156,98.62883
99.561,98.103355
97.30875,95.51335
91.88025,90.13728
81.11565,80.15094
60.903152,60.083908
17.7177,16.547134
1.21275,5.0223746
5.2668,29.28136
27.8355,27.248821
69.2076,41.809467
87.46815,81.207115
98.99505,94.75773
101.16645,98.73389
100.831505,98.40847
98.0826,96.104805
92.4924,90.52502
81.94725,81.11032
61.238106,62.452793
17.70615,16.692736
2.4024,4.9945607
26.06835,29.005577
41.22195,50.439293
70.90545,55.37826
90.21706,82.33468
97.07775,96.19962
99.953705,98.429985
99.4917,98.39561
96.50025,95.677574
90.783,89.9441
80.46885,80.409454
60.4989,60.62831
17.6946,16.467571
1.1896499,5.163238
4.70085,29.008175
27.373503,26.241762
73.2732,41.176434
89.13135,83.03746
99.064354,95.47097
100.831505,98.46013
100.3002,98.1052
97.53975,95.91229
91.4067,90.37738
80.8962,80.55902
61.191902,61.473293
17.68305,16.808453
4.67775,4.898729
35.828102,31.382353
67.20945,57.487137
81.1734,79.0344
92.2845,88.80397
97.5282,97.077705
96.026695,98.73118
88.4037,95.82159
85.804955,87.30315
65.0958,82.2637
32.7789,61.197918
10.01385,19.123251
2.52945,7.16585
2.3100002,10.925563
37.36425,17.366013
55.9944,55.885056
87.0408,67.13422
94.8948,88.41093
98.787155,93.48045
98.775604,94.99014
95.275955,92.308784
92.31915,87.247345
81.4506,80.97156
66.60885,66.680664
43.2663,43.232967
15.1305,8.015895
5.71725,6.800959
48.948902,30.884201
69.323105,68.18935
86.70585,78.30295
94.09785,93.1297
98.11725,94.29663
99.78045,96.2649
99.4224,96.297195
96.627304,93.63358
91.11795,87.440094
80.4804,76.686226
60.04845,56.89681
17.63685,16.706509
2.2638,5.24955
39.0159,30.951275
64.5876,61.283436
81.5199,76.98063
90.7368,89.659805
97.331856,95.94264
98.4753,98.612526
97.8747,97.324036
87.1101,94.51406
87.549,82.28231
80.2725,77.98026
55.7403,60.149265
16.782148,13.949283
2.2407002,5.440766
42.758102,30.02055
55.405354,65.28147
73.3656,69.7488
84.8001,83.3296
97.14706,91.59368
98.6832,98.876305
97.2741,97.40962
94.294205,94.017044
83.9685,88.111755
76.70355,74.46968
58.939655,57.247826
16.7706,15.874989
3.3264,5.0356407
26.796,32.0026
51.22425,49.985962
80.56126,66.63081
91.0833,88.78704
95.5185,96.32475
96.68505,97.04389
95.48385,96.236
88.29975,92.78518
83.2062,83.22853
72.303,73.917
54.978,53.061356
15.9159,14.276142
5.48625,5.1435785
43.87845,33.483433
68.8611,65.07904
84.904045,79.14359
92.2152,91.715675
95.11425,95.43084
96.43095,96.263664
92.2845,95.83759
74.23185,89.90987
62.6472,70.79111
59.690403,59.705334
46.038303,46.146786
14.2296,12.187978
4.3428,5.841848
42.6888,30.645369
63.51345,63.969055
76.1376,74.600296
83.3448,83.602875
83.7144,87.67603
81.8202,85.046974
71.85255,81.97077
44.22495,70.64002
10.29105,51.77883
27.119402,18.206068
44.22495,24.65136
10.86855,20.43307
5.3823,5.101637
38.88885,28.476046
61.700104,59.25206
79.833595,76.07709
80.838455,86.80293
76.19535,84.02136
49.1337,74.72579
71.0325,52.472
75.1674,64.65197
50.9817,63.837906
38.2536,46.473457
6.4217997,27.346445
1.0625999,5.950685
36.024452,17.145441
54.793198,59.616
68.3067,70.59709
73.7583,76.25582
79.31385,76.63535
79.7181,78.20461
67.71765,75.53379
56.121452,62.265434
49.12215,53.220352
40.575153,44.036053
20.3049,26.424765
10.84545,6.5281587
3.1647,6.632314
15.5232,25.310034
41.683952,28.1938
37.82625,54.35862
66.5511,40.687748
78.43605,73.25591
74.497505,75.17206
88.1496,67.92389
83.287056,79.14468
75.952805,70.19966
67.90245,61.334988
46.996952,47.350426
13.3287,10.495745
5.2437,6.334969
35.158203,29.188868
58.66245,55.89883
67.14015,71.06073
72.037346,75.07671
76.61115,77.26848
85.504654,77.3032
71.8872,83.72095
80.56126,67.47308
73.3194,72.46302
58.650898,62.70134
42.3423,41.402554
13.31715,10.732212
5.1974998,6.2730184
37.075504,31.191858
64.7493,57.568325
77.44275,75.32216
76.7151,83.84331
88.41525,79.54604
89.80125,88.95667
86.163,87.59094
76.6689,80.69555
60.856953,69.409515
58.650898,56.521294
44.4444,44.31368
11.63085,11.796634
4.1233497,5.8794484
33.9108,30.245079
44.6061,54.434742
68.96506,55.844852
77.0847,77.263054
80.8038,81.11441
71.379,81.794525
81.901054,70.4789
82.82505,78.55497
49.780502,74.6636
59.49405,47.54765
41.9265,44.591152
9.9561,9.425567
5.1166496,5.9256015
23.1924,30.570465
35.793453,39.561165
62.473953,47.057777
66.1353,73.22965
54.38895,71.70016
34.881,59.655636
66.701256,43.636593
71.61,64.04003
64.3104,62.656345
62.63565,54.18869
45.784203,43.06883
8.28135,9.028989
1.0164,5.814844
10.4874,23.772224
6.17925,22.750069
27.431252,8.280369
47.4012,36.32795
73.79295,56.983425
76.842155,75.313225
83.12535,72.1175
68.22585,75.23294
72.9036,60.089054
58.431454,59.807205
39.72045,28.535852
12.4047,7.1431274
3.0261,7.23453
10.4412,23.328146
4.3428,23.402893
3.2802,6.7996
19.3809,5.71974
62.82045,28.193176
77.315704,71.8385
70.42036,72.57376
24.84405,62.60719
27.1656,21.80643
3.7883997,20.29293
3.89235,5.370428
0.82005,8.574177
4.158,10.657506
16.87455,11.930357
15.90435,24.987535
32.1552,20.706804
16.5165,34.48587
19.2423,17.089476
45.807304,19.197285
29.556452,45.851383
28.112701,21.2533
8.616301,19.958117
9.55185,6.336644
3.29175,9.050328
2.06745,8.784639
0.91244996,9.241349
2.62185,8.204793
3.9038997,8.666043
17.1171,8.660685
21.67935,20.981497
23.08845,22.571377
5.8905,21.58222
6.0868497,7.995371
2.7258,8.037927
1.4090999,6.6220655
1.9866002,6.5850005
21.00945,7.7122164
38.415302,34.10188
59.77125,47.133263
58.3737,67.91855
59.33235,58.456863
52.77195,56.383804
51.7902,46.318813
43.046852,42.293686
19.99305,32.589886
35.504704,13.385741
28.251303,15.361835
4.93185,6.076037
0.98174995,7.101485
22.152899,20.04938
53.5689,34.54768
49.099052,71.97583
56.352455,60.713047
47.15865,64.30444
21.806398,52.046936
52.275303,28.436977
25.9182,49.78483
29.845201,26.124434
29.4063,24.390509
8.1081,18.243074
0.82005,5.4065237
9.4017,11.443082
39.6627,20.478355
43.99395,58.332447
61.31895,49.75476
65.01495,69.780556
37.13325,65.24528
36.4518,37.02388
7.72695,35.576683
25.4793,9.683156
55.647903,27.870432
35.58555,47.81039
3.26865,11.53992
4.07715,6.0183945
19.92375,26.565622
38.415302,30.21482
45.5763,54.910034
33.1716,55.292946
27.1656,36.283676
15.962099,30.586243
27.500551,17.393877
37.82625,31.251747
30.861599,37.784973
19.3578,24.222284
8.165851,9.23312
5.8212,6.9823775
37.3296,13.702795
58.558502,57.66697
73.53885,72.72911
75.964355,79.51875
76.86525,75.517525
77.55825,72.67704
81.41595,70.444
64.0563,71.435745
41.118,55.133343
43.0353,34.991333
40.066948,28.886307
10.59135,12.827869
6.7683,5.034659
40.8408,35.291798
63.67515,63.05367
75.7911,76.679634
83.63355,83.08259
87.375755,86.2761
82.005005,86.17764
76.91145,76.39392
77.974045,68.62913
77.85855,67.19141
60.441147,64.17355
47.736153,40.923035
11.37675,13.496454
1.9288499,5.833222
19.7505,28.82654
25.0404,38.010433
35.112,33.948177
63.99855,44.336006
81.727806,74.57512
80.51505,82.03905
76.946106,78.10536
83.8992,72.679924
74.5899,76.38097
61.48065,63.919907
21.032549,41.300777
2.43705,5.2074547
1.9173001,11.498441
10.857,18.146992
18.02955,19.614351
16.3317,25.105974
19.900648,23.797512
32.848198,27.514977
40.3326,37.85859
55.4862,40.076523
57.299553,52.18883
56.929955,48.08173
45.934353,38.58498
41.302803,14.12344
1.617,13.455363
2.8644,5.8225055
21.6447,29.767145
36.92535,32.91638
54.677696,52.108273
69.12675,66.87254
83.8299,73.80504
72.4416,81.96337
77.71995,68.87388
66.112206,72.30547
37.84935,60.29399
33.34485,33.553856
13.2825,21.148067
2.4255002,5.9090075
4.7585998,15.548391
27.592953,16.967054
32.1783,40.38689
51.57075,36.136272
52.19445,57.992676
37.2141,53.14043
36.6366,35.990635
45.495453,35.577904
52.35615,41.942554
65.696396,44.28734
60.37185,49.21554
33.148502,37.31768
2.4139502,8.752598
1.8942001,8.960536
17.151749,22.55895
26.3109,28.577007
37.6992,35.119427
54.215702,46.655563
62.9706,63.172768
64.818596,64.75023
74.786255,62.1264
65.36145,68.06359
60.856953,58.41793
42.74655,52.13903
27.87015,23.298914
5.62485,6.759872
5.67105,8.660083
37.82625,23.61519
62.9244,57.578835
73.60815,74.42546
79.12905,78.47829
82.22445,79.82433
83.58736,79.7918
67.87935,78.18608
70.23555,62.096283
55.070404,62.34947
54.04245,51.49822
34.0956,39.228516
12.83205,7.982596
7.5306005,6.277173
40.136253,31.503925
62.901302,60.29484
76.541855,74.184616
83.86455,82.17483
87.4566,85.41932
88.623146,85.83547
84.76545,83.67749
73.804504,75.98407
63.67515,63.477264
52.7604,55.77636
34.38435,38.291084
12.00045,9.757763
6.57195,6.3218904
38.091904,30.826023
56.58345,58.376465
74.104805,69.40119
82.54785,80.65481
86.52105,84.39753
88.0803,85.57366
88.0341,84.28603
85.11195,80.853355
78.078,74.19353
64.66845,64.53585
38.8311,43.29188
11.9658,8.339601
6.5604,6.5337105
36.04755,31.949055
52.07895,55.047413
70.8477,63.432064
80.00685,77.71254
86.42865,82.59554
87.88395,86.527916
87.2256,85.56267
84.8694,82.303635
78.38985,76.39427
67.7754,66.308815
47.75925,46.16578
6.54885,10.617197
36.7983,5.7319818
57.680702,53.857018
74.947945,73.40125
82.73265,81.817894
86.7174,87.26465
88.73865,88.18286
82.467,88.13013
81.34665,78.58144
70.72065,75.16984
67.94865,62.62335
47.678402,49.67574
14.287349,12.273935
7.4613004,9.614097
41.499153,34.10284
63.9639,62.73887
76.7613,76.059166
83.7144,84.6503
87.72225,88.14708
89.13135,89.43947
88.48455,88.92907
81.48525,85.02198
76.3455,74.22967
67.90245,64.584625
49.653454,45.73182
14.2527,10.305038
3.7306502,5.768226
26.056799,29.837114
50.4966,46.44117
64.044754,63.255005
74.982605,74.5083
82.91745,80.812874
86.8329,85.14013
86.474846,87.01411
80.850006,83.84492
81.18495,75.345116
50.11545,71.19448
38.19585,29.264467
13.421099,9.928314
5.57865,6.15073
26.43795,29.148954
40.85235,43.24093
65.534706,51.32767
76.5072,75.06061
76.40325,80.51142
79.279205,77.59365
79.31385,78.9107
56.00595,76.70512
10.47585,57.430332
28.794151,19.306519
26.43795,25.085972
13.374901,7.461721
7.4382,5.0729847
41.811,25.07496
63.76755,61.44734
76.357056,76.35834
83.42565,82.88643
87.364204,85.20279
83.287056,86.09214
85.57395,77.50239
82.5825,76.666824
74.90176,69.564514
60.04845,61.22974
46.25775,41.059517
13.340249,13.012008
7.4266505,6.129483
41.40675,36.142548
63.32865,63.093193
75.5832,74.69871
82.929,83.035675
86.197655,86.59745
81.693146,86.37136
84.2919,78.61686
80.35335,78.44892
74.11635,71.002396
61.457554,62.913853
38.98125,41.933723
11.7348,8.918436
5.5671,6.335293
32.328453,30.966606
51.6747,51.100693
73.492645,63.44351
82.1667,79.395355
86.6019,84.19159
86.40555,86.17762
85.98975,83.79632
81.55455,81.14072
60.9609,73.53667
40.170902,55.31859
25.92975,25.718836
8.58165,7.675373
6.4911,6.8590627
41.787903,25.25458
63.386402,61.710045
75.98745,74.90687
83.159996,81.379486
86.775154,84.399605
87.260254,85.25278
82.66335,82.857285
70.2471,75.7004
66.42405,62.68959
58.443,57.648155
36.417152,39.886875
12.43935,7.6436
8.339101,6.417946
39.039,32.964535
62.9706,58.350914
75.87195,73.848724
83.2062,81.543144
87.063896,84.879715
80.157005,85.78839
70.92855,75.293594
58.281303,65.27557
56.086803,55.436134
38.657852,52.190617
36.6828,25.900005
11.619301,12.396213
6.4911,5.552791
26.4264,31.436558
9.89835,41.42063
43.289402,16.003342
27.616049,57.117065
21.77175,29.01382
29.97225,26.145134
55.093502,32.038456
54.4698,58.140156
64.66845,49.60426
61.24965,52.300297
40.656002,42.1989
14.680049,6.8900785
8.339101,7.0221615
43.02375,31.08958
64.62225,62.694584
77.119354,73.92991
84.39585,82.64
87.88395,85.91734
88.90035,86.09843
85.85115,83.82368
71.96805,76.63524
65.118904,61.884644
56.83755,56.805637
42.93135,42.034622
9.240001,13.334872
7.4151,6.127471
31.19655,37.149666
52.275303,49.961296
70.281746,65.09843
80.1108,77.604645
79.0482,82.864784
87.99945,78.08783
83.8299,85.630875
79.72965,77.63344
60.568203,71.16913
57.6114,53.761345
38.10345,40.190018
4.60845,7.9454513
8.35065,6.484798
42.284554,36.787655
63.594303,62.439476
75.0981,73.36321
82.6056,80.142136
86.8791,84.01564
87.8031,85.37194
86.12835,84.00356
81.312004,79.499084
67.4058,71.352104
49.688103,57.27026
46.419453,28.680578
14.541449,11.839993
5.5671,5.6785493
38.761803,32.638256
60.0369,59.28652
74.16255,71.805824
81.57765,80.80168
87.052345,85.25181
86.54415,88.059525
86.03595,85.13881
83.8068,81.796364
72.060455,76.118904
51.293552,63.052162
42.6195,36.308846
12.20835,12.476848
8.3622,5.869712
41.17575,35.964306
61.896446,61.34152
74.5437,73.190475
69.9468,81.65167
80.0184,75.09105
80.5959,81.26275
85.08885,79.44712
82.6287,80.40515
64.71465,73.8587
54.13485,57.03314
41.84565,37.26721
11.39985,10.27036
8.3622,5.9922514
39.62805,35.91209
46.800602,59.25398
70.81305,56.977234
70.39725,78.081505
73.9662,74.83582
75.6987,75.20395
65.03805,74.81347
63.016804,63.94963
53.615105,60.480545
31.9935,51.453156
24.717,18.242907
7.5768003,8.199047
7.4497504,8.107927
38.88885,25.905577
65.17665,58.307476
62.139004,77.068825
44.6061,69.378006
45.79575,54.078854
68.67631,49.9948
82.12051,63.453777
66.4356,70.90944
73.8507,56.104855
62.069702,59.855686
42.319202,40.35192
12.092851,9.139702
7.4497504,6.6725607
37.745403,34.337112
58.89345,57.725315
72.9036,70.26952
80.56126,78.72168
84.1764,82.56547
88.4268,82.93272
85.01955,84.73321
70.90545,77.353325
55.75185,62.50966
51.91725,52.365307
36.5673,38.95576
8.28135,10.264086
7.4613004,6.1495
35.40075,34.44965
57.13785,54.500744
70.1547,69.75992
79.66035,76.78899
78.3552,81.49564
70.83615,76.61262
64.703094,67.73657
57.6114,61.541622
63.825302,55.62939
48.15195,55.777317
38.808,31.065752
9.009001,9.669718
4.6661997,6.0493345
0.1617,29.26909
4.7701497,9.012296
5.62485,6.4430404
14.6916,7.1532054
48.8334,18.903028
52.07895,57.54535
48.082653,52.359787
32.6865,43.419594
4.2966,21.120567
14.2296,5.547156
5.6133,10.660495
33.5181,11.946961
30.4458,51.742615
48.117302,29.084599
42.9429,53.59779
74.6361,42.266567
86.0475,70.639336
74.8209,79.137314
45.3684,63.89425
17.5791,39.104122
11.088,16.568953
8.25825,9.536339
11.2035,11.542172
4.6893,30.16064
31.577702,22.468756
48.221252,42.15474
69.6696,53.61585
75.98745,74.59459
83.35635,74.64931
88.6578,79.305664
78.43605,82.53554
64.29885,67.32168
30.307201,54.19859
42.26145,22.99856
31.947302,22.536034
8.18895,8.467128
4.70085,5.1411157
28.031853,25.734472
30.064651,41.648514
77.1771,39.423264
85.319855,82.26773
87.930145,85.69661
86.209206,85.51641
83.00985,80.06099
69.93525,72.98734
55.15125,59.833523
42.215252,50.189514
26.2878,28.853535
6.5835,8.372812
22.869,7.017766
58.3737,38.01596
65.315254,74.8498
69.6696,73.4341
77.06161,74.3322
87.5259,76.99574
85.66635,83.98979
81.2196,76.87486
65.2113,69.354454
31.10415,55.69564
18.02955,25.68787
6.66435,9.437218
7.54215,6.983682
33.3795,28.568768
62.10435,52.500755
76.49565,76.89242
83.656654,81.44732
87.39885,83.880394
88.02255,85.05474
86.02441,82.18312
70.55895,75.9694
55.70565,59.054585
49.46865,47.319378
42.8274,32.22671
17.70615,12.128
2.8413002,6.269752
34.2573,25.011707
58.3044,55.97374
75.9066,72.18798
82.894356,82.49981
86.08215,85.70748
88.50765,85.64603
86.86755,85.120125
83.2755,79.18933
77.06161,72.57348
58.1889,64.87632
33.264004,43.532207
16.17,10.490069
7.58835,7.5238338
44.4444,31.323093
65.2575,65.87626
77.14245,76.759834
81.99345,84.765076
88.57695,84.07039
89.4663,88.2361
86.26695,86.06491
76.42635,79.10637
67.4058,66.75005
53.41875,58.479168
23.423399,37.676655
5.1281996,8.0711565
4.7585998,7.5677447
40.921654,24.090641
64.89945,61.581505
75.2136,77.17876
78.078,79.587006
88.727104,78.50545
87.2487,86.77834
82.40925,80.92928
83.0907,73.454575
74.0124,70.86475
62.312252,60.17676
48.6717,40.62837
14.61075,11.529491
5.7288,6.0394387
43.87845,33.52955
63.6174,65.30135
71.7948,74.24992
83.05605,79.19111
89.87055,87.22141
88.32285,90.84602
85.885796,86.364845
77.9394,81.00969
66.6897,70.46235
60.1986,59.68894
43.046852,44.706646
15.292199,11.432704
1.9173001,6.3840156
31.369802,25.561607
22.0836,51.898357
27.847052,26.355785
7.1263504,37.384933
2.0905502,14.52825
18.37605,8.030408
23.2155,31.002886
2.7489002,31.868214
3.70755,8.377557
3.0492,6.782065
1.9404,6.112477
4.8048,5.8733826
13.0746,9.472803
5.48625,25.587683
19.53105,13.714095
31.219652,22.228876
59.17065,32.261143
43.797604,61.71302
18.69945,34.300327
18.249,12.320266
1.60545,15.295777
2.1714,7.0796022
1.7902501,7.5055423
19.785149,7.937789
30.6306,34.692284
60.845398,37.792606
52.5525,70.11849
61.284298,50.79715
32.409298,59.01244
25.69875,29.264954
5.0589,24.216452
1.9404,7.610323
29.995352,6.9485555
37.895554,44.211693
62.38155,47.570988
45.0681,70.91242
52.37925,49.787243
44.178753,52.77628
29.09445,34.574936
27.38505,27.234774
22.984499,22.641083
14.368199,18.178795
7.6923,8.029446
2.1598501,8.882625
4.1233497,13.952375
20.36265,12.370372
10.7184,30.281029
17.4636,15.698458
21.40215,19.922905
51.13185,21.221697
48.082653,53.725094
50.5428,42.287815
51.640053,44.25412
31.51995,41.10712
32.92905,8.177221
4.30815,13.586226
1.65165,7.322483
2.3215501,16.522581
19.60035,8.482493
25.72185,32.067326
13.906199,31.840492
30.98865,19.07036
52.28685,33.60019
66.35475,53.41861
39.74355,60.071815
13.31715,30.287586
11.168851,8.691324
8.593201,8.155032
4.56225,6.873695
11.14575,12.912466
35.72415,23.372723
57.53055,49.03562
58.3275,67.80391
70.69755,61.999367
59.482502,71.62841
38.854202,54.496426
37.398903,35.816242
32.2476,31.408443
21.00945,24.622665
1.4322,11.806618
0.8316,6.5392294
8.373751,9.52604
32.39775,20.190498
29.18685,49.304924
29.6604,29.935741
31.693201,30.508715
19.94685,31.716541
18.8265,19.940306
17.221048,18.141579
39.85905,14.610724
22.55715,37.122017
4.9895997,14.347683
0.98174995,5.9807467
11.677051,12.472197
16.06605,24.131521
13.77915,24.854233
10.19865,18.970827
24.255,12.576011
22.97295,27.122652
21.86415,23.905935
23.793,21.092577
23.8161,20.50244
43.02375,17.687647
32.65185,28.652191
5.6826,6.686952
4.1811,5.589912
14.21805,23.407108
18.99975,24.34971
27.29265,26.921465
56.387104,33.517185
53.8461,64.817375
65.68485,54.56621
59.840553,62.670795
53.74215,53.946095
40.96785,47.030537
9.494101,29.648464
2.1252,5.480588
1.9866002,9.939415
12.5895,10.637746
11.677051,24.360325
21.367498,20.291407
32.67495,25.656609
49.999954,32.71533
52.668,50.358185
46.81215,48.066715
41.395203,40.59337
43.11615,29.649769
40.52895,25.647182
32.848198,13.767372
2.1252,9.179026
3.9847498,7.359255
36.60195,25.358671
59.378555,57.257706
74.2434,73.65252
79.9953,80.41672
84.615295,80.46595
73.5042,81.9639
74.53215,67.08661
68.133446,65.90079
66.23925,59.12897
42.88515,56.70382
42.26145,29.229897
14.841749,13.831335
5.00115,6.2020373
36.71745,31.492807
62.739597,57.938892
73.79295,75.2025
80.86155,80.79066
81.1734,84.35005
81.9819,80.2482
81.7047,78.57242
76.3224,74.70634
64.50675,66.87577
33.033,57.186672
37.780052,24.249878
15.5232,15.87223
5.0127,6.1217713
33.8646,28.409462
56.271603,53.032536
63.906147,71.11081
66.528,73.44561
77.7315,72.47497
85.73566,78.434494
88.0341,82.95943
81.23115,80.383965
68.59545,70.37477
58.20045,58.800686
47.147102,42.21633
19.71585,13.777234
3.0261,6.585941
21.65625,26.689083
28.644001,41.175884
29.868301,38.542515
21.95655,36.718365
43.982403,28.781708
24.255,55.20929
16.06605,29.277472
26.5881,20.985289
22.94985,27.562925
27.1656,18.974752
20.08545,19.63613
2.11365,6.692158
0.231,7.0997977
1.0164,13.4791
3.5920498,6.2986283
8.1312,6.4303994
22.372349,10.098098
7.19565,25.19543
5.60175,11.419006
4.4351997,8.905588
7.3804502,7.5563326
10.96095,8.561452
7.7153997,9.651552
0.70455,8.2955265
16.227749,7.3712573
59.413204,29.161646
44.352,72.30322
38.022602,42.93964
12.2199,46.122517
2.8644,13.482421
9.009001,9.966138
4.1811,13.018799
0.31185,6.588735
0.42735,5.408477
0.70455,6.443316
3.0492,7.782825
10.776151,10.345108
14.784,16.235168
12.474,17.890795
17.84475,14.22672
32.132103,17.780361
50.36955,30.513721
49.780502,49.795574
3.43035,42.29618
1.0279499,8.773231
15.061199,11.14118
16.52805,28.511673
30.284101,25.343765
54.8856,36.813972
66.03135,59.298187
56.364,66.54355
70.2702,50.648087
34.45365,62.676735
5.48625,29.78229
10.93785,8.5142565
5.30145,12.149579
7.6807504,7.6829915
1.0279499,17.722134
14.2527,16.90043
14.65695,23.179644
6.0983996,19.2938
4.70085,10.665457
3.19935,8.964284
5.6479497,7.878895
17.70615,8.625744
21.1827,18.038967
20.8824,19.274136
18.67635,16.598232
10.59135,12.4755945
1.0395,9.524033
6.3987,7.795799
35.58555,16.183882
52.1367,50.38485
53.7075,62.285145
69.7389,59.687733
58.604702,71.82833
63.1092,55.490158
34.419,56.160217
32.7558,31.733017
20.8362,28.289774
17.4174,11.262971
8.69715,8.257577
22.5225,7.2493353
42.042,41.870384
63.0861,52.946575
72.79965,73.93892
78.6555,75.76452
74.60145,75.61152
74.497505,66.26575
55.243652,62.780285
53.16465,48.323082
43.4973,42.7734
12.5202,29.986338
1.0395,7.275873
17.01315,10.959674
56.7567,31.570387
65.4885,77.26252
63.23625,73.94386
75.7449,67.5271
78.401405,74.700386
77.5467,72.789795
53.5689,67.99789
64.9341,50.02551
67.3827,55.352806
46.858353,49.8202
11.12265,14.610505
2.1021,5.9910693
14.01015,25.776018
12.3585005,27.33308
11.2035,17.85778
13.421099,13.544481
4.30815,16.26725
6.22545,7.6811633
13.374901,9.683049
6.6066,16.315891
11.7001505,7.5920634
6.5373,9.974675
3.7191,6.345225
2.0790002,6.5864983
0.24255,9.168256
2.55255,7.1773562
3.0492,6.9609804
16.62045,6.4110084
19.4964,19.250866
9.66735,20.097319
7.1263504,11.043892
1.8249002,8.607542
4.5507,6.3452454
8.985901,7.587772
0.4389,10.820129
1.4322,7.2880516
4.2503996,7.6970654
13.421099,10.012612
35.58555,19.80506
29.00205,43.75956
43.67055,27.25146
66.81676,46.08366
52.5063,64.498375
31.63545,43.427807
21.35595,23.636368
1.386,11.380525
3.0954,6.795542
15.51165,9.825032
27.373503,30.924809
32.802002,37.432316
25.8489,36.923946
27.696901,26.252054
34.465202,29.458605
25.883549,35.89468
43.832253,25.29229
40.11315,39.53061
39.5934,27.293768
13.178551,16.22207
1.0625999,4.422887
8.8704,18.579752
24.613049,18.54921
30.0993,36.658165
38.0688,36.22453
47.02005,43.062008
55.38225,49.996216
71.52915,54.663445
72.8112,65.46417
65.3268,62.061333
53.915398,54.330833
44.8371,38.023407
15.245999,12.677328
4.28505,5.5180144
34.6962,25.730005
54.7701,55.261017
63.282448,67.9746
64.92255,72.50067
75.43305,71.71561
72.1413,76.76703
56.121452,70.69159
49.6419,57.20705
39.535652,52.12682
24.86715,39.67802
20.397299,16.145325
6.9300003,8.550098
0.45045003,7.317657
2.1598501,17.039354
19.404,9.193215
10.24485,28.877258
12.4278,13.798004
39.8706,15.156049
28.112701,43.252995
28.031853,24.700232
24.68235,24.257479
15.188249,18.469793
14.529901,9.705316
3.465,8.489051
2.1598501,7.029981
35.33145,9.37209
56.560352,53.63514
71.32125,70.44479
70.455,77.81476
59.77125,71.1292
50.6352,57.64405
60.11775,48.95672
58.500755,51.5012
45.0912,47.092213
33.3333,32.82332
13.594349,18.676893
8.316001,6.907973
1.0857,22.966522
14.795548,18.263832
9.11295,25.474777
24.174149,12.531538
37.36425,27.807344
46.1076,38.29787
43.00065,45.09431
50.1039,37.883854
46.858353,45.376255
43.71675,35.78767
44.756252,23.027847
15.142049,18.909077
1.3513501,8.087476
6.6412497,16.632061
46.7775,16.013342
52.97985,66.105934
63.2478,63.25522
63.0399,70.69024
52.2522,64.81691
52.621803,53.034008
44.352,50.445187
10.5105,44.72195
10.4181,15.608725
1.09725,9.101634
0.45045003,6.588333
0.95865,8.732311
8.165851,17.538149
43.1277,16.872154
12.289201,56.823734
17.001598,15.725608
56.4795,19.24142
53.499603,62.21526
31.33515,47.66332
8.35065,21.498886
6.24855,7.4547267
3.6151497,8.291425
15.3846,7.2781405
10.9032,24.601583
46.21155,24.748003
22.8459,56.661766
54.18105,23.107086
58.466103,59.6583
41.118,51.220905
30.5151,29.64028
13.987049,25.196978
7.4266505,9.38215
13.906199,7.4196625
8.1543,15.422986
3.84615,22.669718
11.93115,13.47112
24.6246,19.857706
1.1087999,31.712448
13.340249,10.20187
24.82095,17.181671
22.811249,25.357803
19.18455,21.581133
7.28805,16.14273
8.6625,7.5439363
0.91244996,8.264704
1.53615,6.325304
1.5245999,8.124435
1.5939,8.946071
3.6267,8.324878
0.12705,9.004452
1.21275,6.3266053
1.1781,6.8964286
6.96465,6.595616
0.91244996,9.297243
0.24255,6.036907
1.1896499,6.023927
0.9702,6.6134133
3.9269998,6.760926
0.3465,9.011729
0.7161,6.6042953
2.82975,6.686749
1.9635,7.6068316
3.7421997,6.8330584
0.4851,7.544671
0.17325,6.021176
0.2772,6.035222
1.1087999,6.14329
0.58905,6.620986
0.58905,6.469196
1.2820499,6.594356
4.9780498,6.928597
3.15315,9.050646
1.6863,7.51188
0.17325,6.748718
0.5544,6.076846
0.24255,6.214236
1.1665499,6.030727
1.30515,6.5338573
3.7306502,6.6954646
1.9635,8.201433
1.7787,7.0892563
1.2473999,7.0008473
17.440498,6.6537127
58.17735,23.01937
74.64765,65.652985
74.8902,73.93206
74.27805,72.0083
75.87195,70.12993
85.45845,70.27014
78.96735,79.537926
81.4737,68.53882
67.8216,69.616264
50.69295,44.59009
18.23745,16.0711
3.38415,12.234103
37.71075,23.282938
63.282448,60.478138
73.9662,77.72969
81.6354,80.561226
85.15815,86.57647
80.734505,85.697914
82.10895,77.331474
78.94425,76.25532
67.14015,69.41791
68.82645,57.704987
49.203,47.554108
16.863,10.786604
2.2638,6.3219023
32.7327,27.852627
45.195152,54.41136
69.1845,57.29936
74.4282,77.49863
66.63195,79.60012
70.32795,69.82472
76.3917,71.73967
79.31385,74.46858
78.7479,72.88729
66.089096,67.946
46.7775,47.13841
17.613749,11.306739
3.4072502,6.2584734
32.802002,27.418861
57.542103,53.1767
71.0556,70.61019
66.67815,78.29685
73.458,73.86561
67.2672,76.09207
62.982155,68.715164
70.9401,64.008575
72.2568,67.19741
62.37,62.99888
23.11155,44.756317
7.7616,7.518813
1.14345,7.3229127
11.1111,21.950008
30.723001,21.918509
36.11685,38.849964
44.98725,40.650707
67.67145,48.85047
67.34805,69.3646
46.280853,62.48653
35.4585,46.015224
44.0517,30.980625
45.6225,33.796585
36.30165,26.199135
4.95495,8.119232
1.14345,5.6287227
7.88865,21.676884
15.00345,14.976888
21.12495,21.933702
19.866,26.72542
22.99605,24.716158
32.5017,26.784952
19.87755,33.323624
17.33655,19.33425
8.2929,14.760485
6.3294,7.3286
9.4017,6.6776423
2.1252,8.281242
1.14345,13.524079
20.4435,9.498783
45.507,32.45242
50.4273,57.30419
52.413902,53.987507
63.709805,53.028008
49.83825,62.916782
52.40235,44.365417
56.51415,45.04077
49.95375,45.856243
55.56705,38.53396
34.881,40.3189
10.68375,7.830179
2.29845,6.8926477
25.1328,19.148874
63.9177,41.803284
72.2106,76.61563
80.93085,78.35089
81.16185,82.69576
78.101105,78.56823
83.367905,71.76129
66.90915,73.91241
28.2282,57.91592
49.28385,32.030384
40.9332,39.64464
8.570101,16.024027
3.465,4.9559236
17.7177,30.266989
39.72045,29.146488
56.8722,55.626305
79.383156,69.472755
87.97635,81.76544
80.05305,86.38439
81.92415,75.11866
43.4049,75.1264
11.018701,42.161095
37.4451,15.755359
25.883549,26.062992
5.7288,6.3590627
2.3100002,5.7135477
25.687199,20.866257
57.16095,37.769222
72.01425,74.52932
77.154,79.81498
66.562645,78.65297
53.74215,64.89351
78.482254,53.42963
60.614403,69.89547
42.1344,53.525997
45.61095,36.644226
40.194,32.720398
7.91175,12.013025
1.155,5.03803
18.23745,23.742085
48.2097,30.046392
61.446003,64.85316
73.2732,72.27857
83.87611,76.79278
81.85485,82.3628
76.56495,77.62036
76.541855,69.72286
48.3483,67.187675
53.199303,46.061176
37.75695,40.732464
13.70985,9.84765
1.1665499,6.200435
21.540749,21.022728
23.98935,38.369804
17.5329,30.824463
60.856953,23.381697
63.2247,72.990814
64.27575,67.15995
54.931805,64.12309
49.0644,54.72328
41.268154,50.03095
44.5137,33.831467
30.549753,28.408016
13.03995,6.823285
7.5075,6.3263206
9.20535,26.006712
28.413002,18.735058
34.950302,39.151863
37.456654,39.90565
53.915398,40.933918
55.1628,56.665863
46.754402,51.00658
39.778202,42.225685
25.67565,33.38659
16.2855,14.649304
6.54885,7.908118
24.4167,6.9845834
18.168148,42.12998
33.66825,27.771255
58.7433,40.223145
62.9244,62.308514
77.95095,59.2288
77.00385,72.663445
59.089798,68.396904
39.8013,51.447365
29.09445,31.018938
28.182,19.231537
13.8831005,12.355134
13.155451,5.8287487
37.306503,31.225832
69.19605,51.949238
72.060455,76.12948
54.978,77.60608
55.86735,60.346897
56.32935,53.78759
58.59315,48.930454
38.61165,48.04209
39.72045,31.311993
32.4555,29.104958
12.474,16.263851
12.23145,5.6724534
51.84795,36.10567
61.3536,73.37442
40.274853,73.70771
39.8475,58.084778
42.030453,50.509705
25.97595,44.77677
35.597103,29.356201
62.2776,34.29185
70.16625,45.99287
43.543503,47.664577
11.8041,19.470236
19.7736,7.557546
48.6948,41.006275
59.4594,68.024536
79.279205,70.20409
84.060905,85.86097
86.3709,86.68974
86.093704,84.089455
81.76245,80.0019
68.849556,71.83193
57.4728,58.15937
36.267002,41.25352
8.8935,11.089523
1.1781,17.84615
5.18595,19.689629
5.80965,8.685004
30.053102,4.994551
47.793903,36.452908
71.367455,50.274277
66.5049,72.16395
72.5109,61.76338
63.525,65.77431
67.5444,53.105167
57.1725,52.15935
40.32105,24.265068
11.9196005,8.821961
1.1781,6.6793327
31.127253,18.787485
41.89185,52.17263
48.89115,53.783104
69.6003,60.048386
81.081,74.96205
81.80865,80.81825
81.138756,78.09983
67.5444,74.59698
62.289154,61.130203
57.288002,56.326084
45.7149,42.760483
8.2467,12.545645
6.6066,5.5500755
33.6567,35.86641
47.85165,53.35191
59.563347,59.50035
59.632652,71.08612
71.00941,69.03063
73.1115,74.31992
80.3187,73.352356
78.6324,76.052315
69.889046,70.66689
45.26445,60.31388
15.072749,26.441154
1.1781,5.618621
35.8743,16.623772
59.54025,57.429626
77.523605,74.6938
79.29075,84.25637
84.6846,82.40604
85.3776,84.78045
81.8664,82.94944
72.626396,76.469406
72.926704,65.31587
55.70565,63.393852
45.1374,37.75031
12.8898,10.960269
2.36775,5.555575
34.47675,26.082817
60.984005,56.50709
72.2337,73.86555
63.21315,79.46166
72.12975,70.47057
79.567955,74.16953
63.8022,78.695404
62.4855,63.86299
60.21015,60.60375
23.873848,56.022312
18.53775,16.810923
7.6230006,8.34141
3.7768497,8.480968
3.86925,20.203583
8.30445,11.064964
31.531502,12.327632
52.5294,38.14032
75.8604,55.964317
74.093254,74.59562
63.421055,67.41583
41.36055,55.875187
25.5486,31.532211
16.632,14.027942
1.53615,7.3748016
1.1896499,7.6761117
31.19655,9.22545
37.73385,50.50802
49.81515,46.44921
67.41735,58.654507
78.1704,72.56204
77.4774,75.283264
82.9752,70.88988
68.50305,73.39058
43.7052,57.858765
25.2021,34.53572
29.09445,12.737514
12.37005,11.987063
5.67105,5.29709
16.92075,25.419287
32.859753,27.41062
39.99765,44.298042
57.253353,46.57293
75.848854,65.22124
81.693146,75.1463
75.2598,76.31363
73.28475,66.33371
63.155403,62.70697
51.43215,52.519455
12.4509,33.7575
2.3793,5.1843133
33.587402,20.11988
62.35845,53.70941
73.97775,77.02094
80.93085,80.751274
78.874954,84.64722
78.64395,77.649254
81.60075,74.548775
73.123055,74.34858
75.22515,63.243782
60.6606,63.40762
46.6389,40.670376
16.447199,11.757472
1.1896499,6.374424
18.4569,24.55024
48.082653,37.461174
52.125153,63.331974
59.274597,63.66677
60.1524,69.77564
60.0831,66.01879
71.45985,62.525677
72.7881,70.043365
65.823456,67.238846
63.490353,58.988182
48.6024,46.775726
14.9918995,12.6783
9.459451,5.508428
42.515553,36.253826
54.308105,63.246883
69.531,66.32655
77.396545,77.50318
85.031105,82.186874
86.8791,86.45646
81.64695,84.67113
73.7583,75.743324
68.80335,66.20658
50.589,60.154343
15.892799,33.66507
18.4569,6.444886
31.3929,30.897377
43.46265,48.75933
58.570053,52.33606
66.089096,70.58612
80.8731,73.2096
74.9595,82.43142
82.882805,72.0196
77.419655,77.23701
65.50005,66.99635
42.63105,47.438732
13.61745,10.984828
2.39085,16.15665
35.504704,20.438543
56.976147,58.10679
65.2575,72.09776
84.1302,74.23756
84.315,88.32128
81.92415,84.96741
86.35935,80.848885
78.690155,82.62865
72.15285,71.19142
69.611855,62.521446
39.4317,48.91023
10.4874,6.86193
1.1896499,6.182171
27.9279,21.175604
55.26675,48.206512
75.375305,68.317726
87.39885,80.74195
84.9156,88.471756
80.6652,83.268585
82.84815,77.39921
65.26905,78.69802
49.26075,61.84014
51.582302,50.562748
42.4578,39.935753
8.1312,9.980837
0.47355002,5.420414
0.72765005,22.607372
28.551601,9.534208
61.122604,40.583855
68.75715,73.02058
46.67355,72.30515
41.6262,52.216576
33.1254,48.295784
29.706602,34.349186
17.659948,26.347744
15.407699,11.214511
2.46015,8.526933
9.471,6.3517346
60.78765,14.828036
69.762,75.56902
68.9073,76.93697
54.308105,72.50937
34.4883,57.65083
24.566849,41.02433
52.9221,30.967709
36.578854,43.614136
28.771051,28.073029
32.44395,19.173862
9.92145,12.465936
0.9470999,4.837725
20.01615,20.307415
45.252903,31.707962
35.539352,62.693558
65.2344,37.961254
62.612553,74.59411
37.9995,63.10312
35.158203,41.430897
24.0702,36.49519
24.6939,21.322018
28.40145,20.106686
8.339101,20.934042
2.39085,5.761662
40.228653,10.2287035
66.759,63.145355
76.1376,80.91692
87.21405,81.04492
78.36675,87.80825
79.4871,74.09193
68.68785,72.78768
75.47925,59.740757
77.0385,63.65962
64.87635,62.083244
47.204853,43.81992
13.467299,13.130702
2.39085,6.4228806
36.902252,28.154816
57.57675,60.33758
67.50975,71.234344
71.62155,76.20013
78.008705,77.301956
86.382454,79.35816
88.96965,84.545815
85.504654,82.33781
77.2002,75.489075
65.75415,65.31491
33.8646,45.961514
11.896501,7.9424067
3.5920498,6.4947004
38.7849,25.85271
65.985146,59.493412
80.9886,76.8499
88.2882,86.90835
92.122795,89.373375
89.096695,90.938644
83.8068,85.80607
70.8477,78.3301
78.15885,64.46985
66.21615,67.15143
49.37625,44.919407
12.8667,11.926514
3.5920498,5.6109457
42.5502,30.851976
67.4058,65.14057
77.92785,77.81328
82.27065,85.36878
88.253555,86.66732
89.2584,89.363754
87.09855,87.99389
69.6465,82.53415
75.675606,64.396324
70.5012,66.92728
39.882153,50.198193
11.26125,8.817697
1.2012,6.39359
21.26355,23.473822
28.875,39.30692
47.0547,37.016865
51.108753,56.90376
37.930202,62.7104
64.62225,47.57786
67.3827,68.67813
54.804752,65.66251
56.69895,55.407757
30.91935,53.468212
13.2825,17.151463
4.72395,6.1751695
7.4613004,11.214835
14.668499,18.644127
18.58395,24.050158
3.2802,25.180723
8.2698,8.8042555
36.53265,11.757059
25.872,44.594025
34.3266,25.259453
30.1917,30.093393
10.4181,21.370241
0.88935,6.2922964
9.27465,7.7832417
25.28295,18.479565
25.178999,37.49601
2.1021,30.202383
4.1811,9.982625
10.129351,9.485177
41.36055,12.531322
51.6054,48.779224
22.51095,47.751118
20.293348,15.622951
23.562,10.043003
39.1083,9.283435
42.6426,55.044636
31.404451,52.66426
36.04755,37.736816
29.556452,39.108227
43.87845,37.005997
18.838049,44.63325
18.35295,25.504507
12.8667,12.849278
7.2303004,7.326383
27.36195,20.145443
44.94105,50.386475
60.3372,51.83799
72.037346,65.848145
74.02395,74.823204
77.28105,71.3448
61.08795,72.94172
41.972702,58.0211
19.3578,42.868294
10.19865,14.296145
12.60105,8.060247
4.5737996,11.22778
1.1896499,34.429565
25.46775,15.456708
61.746304,36.963894
72.46471,75.56197
56.32935,78.7226
68.6994,59.202045
50.0115,68.5305
78.92116,48.118587
67.97175,71.038826
66.2046,55.98063
51.4206,53.185543
37.36425,32.999233
4.62,9.889723
2.39085,6.175595
30.642149,25.310747
48.03645,50.17706
68.5839,62.93437
66.7359,76.71122
82.6287,70.39657
69.9237,81.38167
43.71675,66.525734
27.29265,50.143715
26.334,33.11372
36.55575,24.52212
32.25915,23.838339
7.4844003,8.004505
14.61075,5.2795506
12.243,42.143047
3.696,21.52118
8.778,7.9911566
8.18895,10.979681
20.801548,10.182784
17.786999,24.342772
38.9004,17.867125
38.4846,36.109993
23.146198,27.586315
2.3562,8.799396
12.7281,7.0497007
20.397299,29.461548
45.148952,28.117018
79.05975,55.555977
75.560104,80.66094
56.710503,73.04821
46.419453,55.81078
36.44025,47.866047
30.053102,34.787086
14.65695,25.81124
17.42895,8.760253
4.56225,9.55419
22.0836,10.515929
73.3656,44.5399
63.605854,80.71322
77.154,68.555214
77.53516,79.835266
65.9736,74.59973
35.74725,59.557076
11.76945,38.725502
12.00045,22.254759
1.9404,10.625122
1.1896499,6.4340878
18.838049,7.430119
20.6514,38.158855
30.5151,27.823446
37.5144,32.399754
58.027203,37.341164
50.947052,59.140453
36.705902,43.591446
57.830853,29.27091
66.21615,48.522762
25.65255,48.26806
27.8586,18.707914
4.9087496,15.448936
7.5306005,13.338134
14.40285,22.652569
32.039703,23.635746
30.82695,43.775425
30.803852,33.797638
45.9459,33.280937
53.823,48.782516
84.85786,50.65814
62.8551,71.819046
43.9362,52.379604
22.0143,31.520767
2.9799001,7.275475
3.5804996,8.288011
39.55875,15.0579405
64.59915,61.90405
79.10595,78.085304
78.2628,82.91209
92.13435,77.050735
86.1168,89.96786
87.9417,79.35954
70.686,78.34179
53.464954,60.04633
54.065548,48.606323
40.7484,37.528168
3.0145502,9.484384
20.247149,5.399116
54.04245,34.75354
68.50305,73.30283
54.0309,76.29698
64.044754,64.49142
50.288704,68.264984
44.89485,53.87312
22.314598,49.66602
29.348549,28.373304
2.4948,28.105507
17.047798,6.6846895
6.4911,14.493636
2.02125,14.171745
13.9986,17.44678
23.78145,23.37298
41.395203,30.464657
59.79435,50.078655
72.0951,65.08958
78.3552,72.51543
70.778404,73.410995
42.850502,62.71348
2.06745,36.066746
8.4777,9.925807
34.6038,11.642713
43.0584,46.615047
54.654602,51.365227
81.09255,56.394176
82.293755,79.57603
83.51805,79.41472
69.56565,77.71575
31.185001,59.050503
10.29105,37.454876
15.280649,17.887854
1.05105,16.210026
1.1896499,10.11886
16.955399,15.135512
26.43795,31.775358
33.62205,34.014557
26.518799,37.0951
42.735,25.515854
43.508854,46.33206
52.564053,43.48142
46.8468,49.052673
32.6172,40.15432
34.96185,19.83077
18.4569,17.448748
3.1762502,5.396687
4.2388496,10.291923
11.2959,15.68026
31.77405,21.185598
32.5941,43.84504
54.45825,35.774864
74.34735,60.416805
73.56195,72.84304
63.25935,66.26053
65.130455,55.959248
42.79275,55.38587
25.178999,30.335001
1.07415,8.789067
0.95865,7.377483
8.962801,15.070599
21.74865,17.645903
43.3125,29.89204
39.1314,51.788044
46.280853,40.8013
56.4795,48.802948
57.230247,54.03735
49.0875,50.98799
35.5509,42.49975
4.3659,24.242935
1.1896499,5.3810987
22.62645,9.271883
48.59085,40.03533
60.406498,62.66509
86.775154,68.688034
90.1824,86.320274
86.9253,87.98204
85.7472,81.21495
62.63565,76.28775
81.76245,54.98063
70.6629,67.64453
46.627354,49.44072
5.53245,11.41839
3.5804996,9.96154
41.9496,32.22418
66.1815,67.09852
78.9096,78.541016
84.23415,85.061844
78.8172,87.31075
66.2508,77.49352
70.55895,65.3245
72.649506,67.94262
69.3693,65.92573
64.95721,59.399918
41.787903,44.027283
5.6133,7.330161
1.1896499,5.912021
13.675199,26.025005
33.94545,26.656038
78.7941,47.010338
89.9745,81.98854
92.7465,89.14104
95.7726,89.56683
83.26395,90.53725
71.760155,75.66419
57.553654,65.025665
60.833855,50.651398
40.459652,42.771976
5.7057,6.9108114
2.39085,6.677611
23.11155,26.223946
45.28755,39.880703
51.385952,57.267166
78.73635,62.869854
93.35866,80.93646
87.2256,91.91238
82.5825,83.47021
89.57025,77.76714
65.8581,80.71479
49.537952,56.825325
43.254753,30.287182
4.63155,10.33954
1.2012,5.4123273
7.5537004,26.074001
37.1217,20.695965
61.43445,50.591328
61.122604,72.98095
62.901302,68.38252
61.20345,66.628265
74.2203,61.90638
77.2695,71.24132
82.698,69.86411
63.016804,69.077446
43.78605,37.9534
4.70085,8.119123
2.39085,6.014664
35.885853,27.482391
58.3737,57.017147
72.6957,69.960915
82.91745,78.649475
93.3702,85.36053
90.286354,92.80648
89.7666,87.92672
70.58205,85.275826
57.218704,65.13354
67.97175,54.571987
44.328903,49.55898
1.1896499,9.097573
2.39085,5.75113
42.5271,31.092707
56.7336,65.649864
68.68785,68.037285
66.9438,76.025566
88.542305,72.26876
83.853,88.22273
88.85415,81.56239
82.0281,83.54972
70.23555,72.80929
63.790653,60.06959
39.1545,43.121098
3.6382499,6.7052956
2.39085,6.193306
40.20555,27.024496
63.5481,61.878204
78.80566,73.81946
84.37275,83.8463
87.30646,85.51351
87.0177,86.201515
83.70285,84.61925
75.456154,79.1042
62.12745,68.54209
63.6867,56.11061
30.457352,44.566353
4.7355,5.8812284
34.82325,7.0958
68.66475,50.249065
54.192604,80.15011
57.553654,66.96364
59.482502,68.794174
70.789955,65.17357
63.67515,72.64566
41.7648,64.18332
44.9295,49.882393
36.71745,48.29396
2.5063503,27.140991
23.227049,5.1946015
43.3356,54.137287
61.91955,60.703026
65.118904,70.57237
70.12005,69.80736
88.1958,71.63055
76.3455,86.68286
57.288002,69.23096
67.1286,54.042515
40.020752,57.166294
25.779598,23.308844
2.55255,8.235663
2.4024,20.273373
31.3236,10.516199
60.106205,50.063927
77.2002,76.057884
83.3217,82.01268
87.49125,82.52936
81.716255,85.32213
74.5206,77.32854
69.8313,68.504486
57.0108,62.63337
43.254753,46.619194
22.09515,21.305412
2.5872002,5.305287
2.4024,14.68037
33.7491,15.3923025
51.928802,53.048695
78.8403,62.98214
79.68346,82.231865
91.39515,78.58876
87.69915,88.76793
83.26395,80.04171
73.42335,73.35271
69.6003,63.07192
64.78395,57.2932
43.2201,43.815113
2.6334,7.5116844
3.6151497,6.25052
46.662003,33.079865
71.448296,68.73203
78.101105,79.20507
85.5393,83.26705
67.09395,87.35421
71.8641,66.15992
55.3476,69.40614
43.4049,56.054325
42.63105,50.140793
35.23905,43.40812
23.6775,23.004166
1.3398,6.764887
2.4139502,7.9258046
36.25545,20.4156
59.632652,57.582355
79.5795,74.242195
89.73195,83.90011
93.982346,88.772835
88.92345,91.11505
86.08215,82.48892
76.437904,76.61197
64.911,64.88404
38.7387,55.669994
21.8988,24.283604
2.71425,7.0134406
2.4139502,7.8507843
0.24255,18.568518
14.599199,6.4448514
30.0069,20.75099
79.42935,34.703526
90.81765,78.8316
80.97705,82.64949
79.383156,72.96208
71.875656,71.401794
52.4832,61.17852
31.68165,36.65228
1.386,7.611138
3.6382499,6.6999063
42.63105,18.666462
67.87935,65.39946
81.901054,79.615326
87.087006,87.15959
90.81765,87.79754
89.80125,88.9252
82.594055,85.01063
61.5153,73.80764
45.114304,56.663696
53.580452,43.361153
35.828102,37.777893
1.4090999,7.5163
3.6497998,5.899963
39.3624,32.39451
68.722496,62.85362
82.38615,80.42995
88.36905,86.71862
90.86385,88.6416
92.45775,88.27269
85.87425,87.26874
82.0512,77.15378
76.0452,70.4275
68.8842,62.70325
45.507,46.586914
2.85285,8.884795
2.43705,5.842577
32.23605,32.045383
54.643047,53.450356
76.65736,66.72342
84.026245,82.209755
89.789696,85.63103
94.883255,88.78015
87.51435,92.209724
73.700554,82.2787
75.8373,67.579
62.577904,65.64117
43.9131,40.47551
1.4553,8.366148
2.43705,5.7725964
26.53035,31.220255
62.589447,46.00836
77.315704,73.9603
86.02441,82.36904
92.261406,87.34851
91.164154,90.91522
84.0378,88.630806
65.15355,79.74183
73.65435,62.185078
67.16325,64.57233
41.7186,45.580467
1.4784,6.96428
1.2243,6.29894
35.7819,27.563145
69.1152,57.074062
83.183105,77.85868
91.99575,87.674835
93.72825,92.23764
93.612755,91.626045
94.0401,90.473015
87.51435,88.31082
81.18495,77.92313
68.38755,67.95994
45.10275,45.526318
1.5015,8.321892
2.46015,5.8989973
28.609352,31.503546
41.89185,48.88172
67.02465,50.89045
81.404396,76.58661
96.36165,84.71236
98.2905,95.205025
98.55615,94.61778
95.2182,92.093
88.60005,84.838806
74.64765,73.41354
48.5793,51.91061
1.5245999,8.91625
1.23585,6.5175295
27.720001,31.345816
36.30165,48.99319
60.025352,44.732822
62.95905,74.76733
73.7121,74.49632
67.92555,79.29371
42.376953,71.307686
47.7708,52.601105
56.2947,53.670475
53.026054,52.740173
34.176453,36.374535
0.24255,6.3643866
2.7951,6.411139
14.668499,26.397816
25.09815,23.984837
34.049404,33.032932
37.06395,40.806538
45.1605,42.116917
38.31135,51.65215
35.93205,43.07193
16.435648,36.32238
0.98174995,13.108532
2.22915,5.9921513
15.546299,7.093654
17.6946,21.12449
23.099998,29.831047
37.9995,29.177866
46.39635,39.748188
23.319448,46.33776
34.26885,22.95559
28.609352,35.20719
27.823952,26.56006
0.75075006,24.897383
19.43865,6.5006804
32.90595,27.747242
46.315502,44.69714
50.71605,49.017624
63.351753,51.605377
73.5966,64.54676
76.3917,68.99775
62.2083,68.32357
38.1612,53.40425
1.2473999,29.856796
27.096302,16.264473
51.108753,53.04358
74.07015,68.447395
85.031105,79.842865
91.94955,89.97323
91.6839,93.57509
95.43765,87.92429
92.6079,88.957184
84.85786,82.28488
71.09025,70.98034
43.832253,38.825344
1.67475,11.113003
3.7537498,22.422695
42.5271,24.09173
63.2478,76.02874
75.29445,74.90869
87.5259,81.029305
88.8195,90.6667
91.1757,89.401596
91.014,90.00074
89.5356,85.25826
81.3351,78.293365
66.3201,59.060276
39.90525,19.286446
3.7768497,10.147078
42.2037,21.847319
69.427055,67.03555
74.07015,83.28807
83.2755,80.541794
85.01955,88.60005
93.8091,87.88614
94.05165,95.82079
93.416405,92.411476
88.96965,88.22379
73.93155,77.57493
45.6687,52.639317
2.52945,10.0945835
40.887,17.888277
70.13161,69.08405
82.3977,84.83794
86.08215,86.49979
92.78115,89.9509
94.571396,95.22868
94.99876,94.79816
87.32955,92.69137
81.312004,80.14588
68.27206,68.72909
38.623203,41.78699
13.52505,4.601055
48.902702,30.241693
53.8923,73.4882
48.51,70.0177
53.67285,67.977684
51.282,67.608185
50.947052,62.15752
29.059801,58.362675
24.4629,40.801113
20.466599,27.537636
16.655098,15.377455
2.55255,7.1576056
42.2499,14.524592
64.99185,62.889103
68.78025,76.56051
62.7165,70.214676
84.76545,62.938435
83.03295,85.688995
89.59335,81.70295
76.81905,86.367805
71.62155,66.73553
55.2783,54.53161
42.850502,23.918955
3.84615,12.061877
48.024902,21.119038
72.037346,75.63376
72.89205,81.88974
84.41895,75.12536
88.7964,88.69056
100.0692,91.297516
98.92575,98.94477
92.4693,93.76147
85.20435,83.65807
69.2307,70.26077
39.99765,37.276157
5.1513,5.0040727
52.8297,35.581997
77.88165,80.20748
89.54715,90.0501
94.860146,91.7149
90.60975,96.79114
98.31361,90.65275
92.27295,98.357895
85.06575,89.01808
71.078705,77.547615
61.3536,56.843155
38.35755,31.974174
2.5872002,4.398204
31.150352,32.886593
62.312252,56.147785
81.1965,81.88851
91.164154,85.74363
87.6876,94.20222
94.99876,86.93572
95.7726,94.15624
92.18055,91.516136
84.18795,83.8512
70.02765,70.08207
43.02375,42.33177
1.30515,4.8156614
34.9272,22.652872
46.893,62.691612
70.466545,62.490486
70.4319,77.85447
69.0459,74.19217
52.125153,72.248695
69.993,58.689327
60.94935,68.84765
63.97545,58.45271
62.624104,55.330673
36.27855,39.92041
1.3167,3.6640124
18.5955,19.192297
38.0688,44.41301
70.32795,54.56658
55.035755,78.52122
51.36285,60.69619
70.55895,57.816566
73.307846,69.81494
74.3127,69.73762
78.50535,67.64362
64.4259,66.28237
35.851204,40.78405
2.6449502,4.2309265
34.811703,22.199406
59.378555,56.161694
57.703796,76.286804
49.734303,64.162415
19.11525,57.9721
44.94105,29.823936
65.5578,56.37069
64.437454,63.262157
60.23325,58.28284
53.9847,51.586124
22.534048,31.6995
16.204649,9.437712
32.39775,44.035793
54.793198,44.290127
47.6553,61.83421
77.48895,56.697605
60.0831,80.09812
62.0928,61.100834
53.5689,61.351845
59.49405,54.151756
46.35015,55.060787
25.25985,30.064814
1.3398,12.340849
2.6334,22.998814
3.1185,2.9272063
4.3659,1.8708183
20.4897,5.566826
48.6024,19.667728
46.361702,46.38182
48.4176,38.73205
59.159103,39.58217
62.26605,47.27893
57.519005,44.78941
18.23745,25.241653
1.3513501,23.583122
25.952848,22.16651
22.7304,40.63361
61.734753,32.37811
68.04105,68.55043
79.40625,72.488434
77.107796,79.559105
66.701256,73.37026
58.73175,62.75292
42.5271,55.907898
34.0956,38.028793
13.0977,15.89086
1.3628999,8.718899
10.129351,19.635008
49.5726,20.464832
57.1725,68.499214
77.3619,65.04096
75.075005,79.949486
72.637955,73.10295
44.6061,69.03607
44.77935,48.322628
31.670101,47.84815
26.830652,27.927553
3.29175,17.238087
10.01385,5.6381264
14.714699,15.392935
14.529901,28.335962
28.9674,22.79659
41.01405,31.988604
28.95585,42.06188
36.036003,26.716482
51.143402,33.81487
55.12815,49.293552
23.8161,47.456818
13.52505,11.489412
7.4035506,7.6084757
39.30465,11.478134
40.1247,56.686535
48.63705,41.34832
60.06,57.053284
37.306503,66.72681
29.106003,42.404778
32.109,35.46468
27.997202,33.377007
11.30745,27.699986
3.26865,8.404895
3.7191,7.2691445
4.2619495,10.614241
18.23745,20.95722
6.237,27.703472
26.495699,11.025169
33.552753,28.539988
4.5507,31.532688
0.99329996,9.887582
2.7258,7.0647798
3.29175,7.150551
5.07045,6.712588
19.13835,7.7255335
42.3423,28.279335
75.0288,51.571873
48.775654,76.420616
2.7373502,48.232388
2.69115,11.870602
3.8808,16.468168
10.4643,7.0736556
29.845201,12.87395
33.679802,40.009445
50.034603,33.443153
39.639603,52.374725
18.341398,33.279495
18.018,15.471715
28.05495,22.798965
25.65255,35.625423
8.766451,27.15287
10.0485,10.517706
39.60495,9.516743
61.0302,57.8626
29.53335,74.26548
41.1642,42.232677
44.1441,53.69403
70.21245,45.403713
71.482956,63.115746
47.8632,59.760838
30.364952,36.100716
9.482551,21.962667
21.95655,7.3752723
17.324999,44.233463
47.736153,34.34937
71.62155,53.709103
34.9734,75.85809
22.7997,46.54001
8.2467,29.149023
32.90595,13.105148
34.70775,45.35978
47.736153,33.709274
27.22335,34.643124
3.9731998,7.082703
5.9828997,15.161669
16.782148,22.396637
26.969252,24.564077
24.0702,36.14802
36.7752,29.716845
19.473299,39.654057
21.367498,22.315083
22.0605,23.802422
12.993751,21.624868
10.9263,10.879783
21.194248,8.304732
48.3945,15.8335495
63.81375,61.365864
63.790653,72.28414
84.85786,70.16846
83.159996,84.18599
87.12165,77.4809
80.445755,81.49594
72.9036,68.98009
58.985847,59.930622
32.23605,36.452404
1.48995,19.868866
39.30465,26.20385
56.05215,64.44473
76.98075,70.99122
89.29305,79.6637
83.5989,92.31121
73.307846,82.45024
69.75045,69.043915
72.0027,65.856125
51.3282,65.161835
42.6888,33.130314
26.842201,13.4820175
1.51305,15.349952
39.67425,22.033043
65.996704,65.973656
75.363754,81.393936
66.83985,77.57976
81.901054,68.5579
69.19605,82.811134
79.544846,66.883736
82.016556,76.24625
78.64395,71.71187
65.03805,63.096745
28.30905,35.669342
27.096302,9.0247755
58.29285,58.625454
74.1279,75.24961
71.41365,81.51979
75.87195,75.21195
89.26995,77.55813
80.60745,92.58488
42.88515,77.46719
31.95885,46.57109
8.1543,31.139061
1.386,13.970186
2.22915,4.9268274
5.3823,12.354955
1.39755,22.655012
0.2772,9.917338
2.43705,4.6476936
0.99329996,3.5819838
0.4851,3.6838615
0.41579998,4.1200547
2.4948,4.259435
0.2772,5.2239256
0.2772,4.628108
4.2735,4.3621798
0.80850005,6.0606184
3.0838501,4.183646
12.1390505,5.298553
11.56155,12.623303
30.815401,12.422064
45.784203,34.93037
44.236504,44.4147
49.76895,36.819447
64.3797,48.99264
23.38875,56.97939
48.0942,47.70712
65.1651,41.877327
27.904802,33.346943
20.789999,45.403362
38.28825,35.466095
44.559902,55.14459
66.8514,63.14318
79.868256,72.4098
74.104805,77.81292
74.2665,68.79785
75.54855,66.332886
70.5474,64.296234
64.36816,55.51467
32.16675,33.25412
1.6285499,17.098772
34.45365,30.340517
59.886753,58.200676
76.79595,76.028046
90.74835,76.41986
80.9424,93.55164
82.5132,78.39889
89.3739,79.69166
86.163,85.38793
77.119354,76.32982
58.47765,56.43661
30.815401,23.123812
15.477,23.762104
53.349453,37.039036
74.9595,77.279816
89.9514,85.687355
90.81765,92.14738
90.56355,93.150475
95.18355,91.00854
90.77145,95.97328
81.43905,87.59106
58.269753,71.8737
20.33955,33.821777
2.4948,19.396759
8.07345,22.110542
2.06745,10.867317
7.6692004,13.824751
0.41579998,6.2839737
0.42735,4.826332
0.41579998,3.6714294
2.0328,3.5851085
6.7221,4.1846232
14.03325,6.8040023
9.4017,17.702513
7.4613004,19.364317
1.30515,10.715521
8.05035,5.141742
10.84545,9.587285
11.5038,10.478251
4.21575,10.703889
9.34395,6.5742936
15.107399,8.849782
35.67795,15.098505
78.59775,42.363476
53.8692,71.608284
29.09445,46.052933
26.9808,30.646788
46.16535,29.00805
43.197002,45.116753
15.488549,28.750134
17.775448,19.172379
14.102549,22.270184
21.95655,21.771088
17.33655,38.039043
37.549053,29.83214
24.42825,46.656605
40.043854,27.471735
18.295198,43.806885
5.4400496,20.436695
4.4814,7.451471
11.5038,7.2656775
49.653454,13.744952
22.245298,61.227562
43.32405,27.178583
61.7925,51.02504
52.5987,62.203987
58.5816,46.791615
41.45295,52.012653
46.71975,27.285994
33.356403,29.586142
19.02285,17.0393
19.9353,7.1340647
45.195152,34.986458
67.4289,57.85005
78.378296,73.35718
27.812403,80.70268
57.738453,58.74371
58.269753,60.14225
44.0055,54.55074
20.974798,43.229004
13.478849,22.42665
17.6253,9.70706
32.37465,20.335497
61.931103,54.909443
48.717903,72.056145
78.7941,55.1357
78.89805,81.705315
87.51435,74.890594
90.9216,82.78751
77.0385,81.41052
64.911,62.25379
43.682102,46.322853
16.92075,18.225735
24.1164,20.26101
26.495699,52.350983
53.99625,41.818493
53.349453,61.006157
43.32405,60.070805
71.1711,56.561085
79.544846,72.7968
76.49565,76.034966
70.65135,67.24258
56.8722,55.174435
32.409298,28.006134
32.1552,14.724408
57.553654,57.6355
53.4072,73.76476
40.4712,70.51285
59.701954,67.7874
30.746101,67.08322
44.964153,49.99052
53.002953,57.29761
33.679802,50.722664
48.19815,24.854786
23.2386,28.76211
9.25155,20.967834
29.568,16.575705
43.18545,34.97114
16.863,55.96224
37.57215,24.26722
9.99075,45.881233
22.0143,18.94538
9.482551,28.290522
16.85145,7.0625644
5.46315,13.148776
2.11365,5.447055
7.98105,5.1463428
15.026549,18.007666
8.4315,32.647003
10.8339,16.804483
2.4024,8.286613
17.63685,4.7700715
4.3312497,20.61885
3.1647,6.3015566
26.02215,4.9350357
13.36335,43.626133
20.08545,26.596462
42.273,24.176369
48.706352,45.821037
65.89275,44.901295
74.9364,64.31458
66.2508,69.88726
84.18795,58.31878
79.868256,78.8494
66.22771,73.16107
52.35615,47.18395
20.374199,23.18194
3.3726,19.591942
10.24485,26.537012
4.14645,6.856772
15.1998,11.89405
6.89535,9.995347
17.128649,5.18399
12.67035,15.440813
14.853299,7.9581265
2.52945,9.466746
3.1185,5.542325
1.8711001,6.1745267
4.14645,6.5659122
2.4948,6.993008
11.619301,5.2765965
0.88935,10.347372
0.1617,4.8480506
0.63525003,4.3556857
0.1617,4.441665
7.2649503,4.321589
5.0358,8.790557
5.3361,7.868202
32.189854,7.056233
39.1083,44.33456
18.93045,38.72021
34.29195,17.968534
69.219154,36.820053
53.44185,60.99508
25.12125,40.41787
20.073898,25.057577
25.12125,14.182999
46.71975,25.848854
40.9332,56.527397
73.83915,50.082455
73.07685,69.017555
74.62455,66.839386
74.971054,66.75323
37.7685,63.83866
28.759502,48.434166
20.1894,28.300976
8.3622,17.56584
12.474,12.440086
28.51695,35.406525
70.37415,43.990547
70.8708,83.33303
71.45985,71.778854
77.21175,71.823364
70.31641,75.2128
40.2864,65.67238
37.9533,41.78387
24.31275,32.166687
20.351099,11.578754
48.29055,12.537569
69.98145,61.51717
79.464005,76.593025
49.46865,81.255005
42.7119,63.50576
65.118904,57.73117
50.5659,63.012737
49.74585,49.452724
30.873152,42.100723
23.55045,21.898743
23.319448,19.94258
55.070404,42.52957
73.65435,69.75545
83.044495,78.106316
86.17455,83.6967
83.24085,87.05212
86.24385,81.48659
80.549706,82.314865
65.29215,70.36815
56.537247,49.304646
30.376501,29.351324
25.617899,21.354244
53.13,57.48384
73.72365,68.590576
81.9126,79.16293
87.075455,82.37842
92.07661,89.34417
90.00915,92.83131
86.5788,87.09676
78.078,78.979385
61.780952,63.41444
30.272552,27.251516
24.370499,22.260448
51.8133,56.750477
45.252903,66.7779
54.354298,57.19333
54.966454,58.00682
66.51645,57.21944
73.56195,63.228436
73.5042,68.906456
66.22771,64.081955
54.354298,46.33083
27.431252,26.05418
23.099998,21.524944
41.91495,53.510113
59.632652,57.145214
73.67745,65.34034
84.534454,70.99506
79.7874,87.2146
58.131153,77.135
72.31455,55.112766
63.628952,64.43042
53.88075,45.465584
28.00875,27.025322
21.078749,21.2395
44.4906,50.796825
59.852104,58.36427
58.20045,65.103035
66.53955,57.46883
63.929253,62.446304
53.095352,60.375057
35.81655,54.287205
56.62965,35.489758
52.14825,51.30467
25.860449,28.317049
27.084753,20.00851
56.4564,55.754246
73.515755,71.95302
68.9073,77.047844
94.55985,65.59086
99.91905,96.91403
95.50695,98.30034
64.737755,91.12139
43.34715,54.415028
37.2603,33.24254
6.7798505,22.728283
1.3398,19.866394
4.1348996,11.5601635
2.39085,5.8585777
0.3003,8.54457
3.5920498,7.696157
7.88865,3.496149
4.851,4.7848196
1.8826501,3.8384538
18.09885,4.0974207
6.7452,30.322815
14.853299,20.659336
18.26055,19.116257
19.6581,23.527098
46.950752,22.726007
66.22771,51.099613
49.81515,66.3461
62.19675,42.697174
70.83615,62.364723
69.727356,64.13155
50.381104,61.91086
25.5255,31.761059
11.9658,20.203775
15.9852,24.852228
33.298653,25.29958
42.9198,50.76605
53.349453,45.741497
45.6687,55.748158
68.895744,53.696476
77.62755,68.57288
35.83965,73.43786
13.3287,37.198616
8.69715,18.7159
19.565699,9.562528
51.9981,32.899864
60.67215,61.701748
78.4476,58.70247
68.80335,80.85685
71.067154,65.201935
57.57675,66.6156
47.36655,55.451885
15.81195,47.574127
16.3548,19.31673
20.639849,24.000185
21.9681,29.454466
62.95905,30.315395
78.27435,74.105194
89.45475,81.57411
92.7465,92.976074
94.02855,94.11545
93.555,93.9672
91.1526,90.03706
82.82505,84.85128
66.42405,71.90852
30.48045,30.816456
27.6738,22.37476
73.86225,58.65912
85.1235,90.14958
81.64695,87.79789
80.93085,82.33947
72.26835,81.77694
46.7775,68.63258
53.0376,50.53677
44.10945,53.22225
34.950302,31.767982
2.29845,16.97555
36.856052,18.850758
61.873352,62.703
81.46215,77.40424
85.20435,84.500145
86.42865,87.05979
75.063446,88.062454
60.025352,71.443436
63.8715,57.298264
53.99625,57.543835
37.398903,35.797787
23.15775,13.862889
53.476498,36.612873
75.6063,68.18407
79.856705,81.73964
78.9096,82.41749
82.68645,79.775505
76.65736,82.21137
81.54301,69.70596
82.91745,74.563385
71.39055,72.53143
43.09305,42.05726
17.8563,21.570677
38.276703,38.049244
64.437454,60.114502
96.80055,79.17377
100.7853,99.20448
88.0341,100.40011
58.0503,87.762726
32.513252,56.86859
15.8466,38.166653
6.6527996,18.267075
5.8443,5.4372463
22.64955,6.5128956
58.570053,43.870438
65.2575,70.04025
69.47325,62.822838
55.948204,67.76583
50.219402,56.512123
47.92095,54.05473
7.28805,50.281017
6.15615,15.674536
39.16605,12.287293
22.62645,45.900944
15.707999,30.130703
27.650703,22.602837
32.92905,42.761562
34.777054,36.41014
47.0316,39.818993
68.96506,44.6409
78.1242,62.80724
78.55155,69.77247
67.579056,73.2058
56.687397,49.831913
32.1552,30.440634
22.106699,21.842276
48.4176,45.835903
60.16395,63.956978
60.579754,65.67336
59.1822,60.103718
58.419903,58.88434
76.726654,58.86698
74.1279,68.06976
66.5742,62.16914
60.30255,42.91015
39.0159,28.03835
1.69785,18.273277
20.639849,28.889748
51.84795,45.290874
66.35475,75.3454
83.11381,71.00983
81.508354,87.24532
78.57465,83.714554
93.65895,78.222374
90.321,92.3022
85.331406,82.41046
66.5511,71.720406
35.6202,32.86797
10.371901,12.581048
38.415302,36.508137
38.31135,61.514393
62.0928,54.23925
77.2695,71.83438
80.4111,81.94775
81.138756,82.72882
74.1972,81.70459
72.89205,71.22278
55.5786,66.3908
32.882854,39.99359
1.65165,9.105805
10.42965,19.393476
30.284101,20.717688
45.1605,45.79569
45.37995,51.81684
58.29285,46.936203
70.85925,61.597435
67.90245,71.30293
55.001102,66.28226
58.500755,54.77693
26.172298,51.05782
28.2975,13.681772
18.53775,36.245865
44.167202,22.76555
55.19745,64.51231
79.3023,68.16652
88.20735,84.88526
83.91075,91.169754
90.51735,81.77176
89.29305,87.802086
83.54115,82.659164
69.9237,72.67803
43.7514,43.399666
1.60545,20.442463
19.4502,18.89973
45.42615,49.112553
62.762703,67.97368
73.411804,67.5958
80.5959,77.01283
87.8724,83.89931
86.56725,89.372604
81.57765,84.89502
78.43605,75.30757
67.23255,65.17444
44.0055,38.298965
1.58235,5.035433
